{"type":"FeatureCollection","features":[{"type":"Feature","properties":{"adcode":"440103","name":"荔湾区","level":"district","center":[113.218998,23.107123],"site":"https://geojson.hxkj.vip"},"geometry":{"type":"MultiPolygon","coordinates":[[[[113.21481,23.09168],[113.21546,23.09158],[113.21595,23.09192],[113.21565,23.09207],[113.21631,23.09361],[113.21556,23.09391],[113.21347,23.09426],[113.21288,23.09453],[113.21282,23.09517],[113.2131,23.09567],[113.21386,23.09593],[113.21527,23.09605],[113.21621,23.09653],[113.21673,23.09866],[113.21653,23.09984],[113.21581,23.10067],[113.21385,23.0998],[113.21274,23.0996],[113.2067,23.09972],[113.20714,23.10083],[113.2071,23.10273],[113.20761,23.10284],[113.20679,23.10766],[113.20608,23.10844],[113.20496,23.10905],[113.20437,23.1092],[113.20435,23.10902],[113.20342,23.10889],[113.20339,23.10849],[113.20294,23.1082],[113.20236,23.10856],[113.20247,23.10889],[113.20233,23.11008],[113.20435,23.11045],[113.20488,23.11034],[113.2056,23.11226],[113.2056,23.11284],[113.20462,23.11419],[113.2034,23.11649],[113.20408,23.11673],[113.20461,23.11773],[113.20448,23.1178],[113.20372,23.12187],[113.20971,23.12185],[113.21055,23.12337],[113.21161,23.12888],[113.21246,23.13631],[113.21267,23.1411],[113.21371,23.1417],[113.21541,23.14867],[113.21585,23.14953],[113.21645,23.14999],[113.21685,23.14976],[113.21813,23.14814],[113.22048,23.1445],[113.22158,23.14349],[113.22373,23.14198],[113.22547,23.13993],[113.2277,23.13804],[113.22834,23.13922],[113.2294,23.14063],[113.23328,23.14374],[113.23497,23.14557],[113.23681,23.14813],[113.23707,23.14903],[113.23711,23.15066],[113.23757,23.15257],[113.23745,23.15429],[113.23766,23.15552],[113.23816,23.1566],[113.24139,23.15795],[113.24266,23.15902],[113.24288,23.15961],[113.24267,23.15799],[113.2421,23.15607],[113.24282,23.15456],[113.24369,23.15361],[113.24456,23.15205],[113.245,23.14939],[113.24528,23.14905],[113.24534,23.1484],[113.24735,23.14764],[113.24889,23.14763],[113.25126,23.14867],[113.25163,23.1476],[113.25118,23.14746],[113.25125,23.14709],[113.252,23.14592],[113.25258,23.14593],[113.2533,23.14527],[113.25188,23.14415],[113.25217,23.14383],[113.25205,23.14361],[113.25233,23.14294],[113.25221,23.14242],[113.25256,23.14186],[113.25325,23.1416],[113.25354,23.13983],[113.25323,23.13946],[113.2516,23.13838],[113.25091,23.1381],[113.24969,23.13786],[113.24502,23.13767],[113.24345,23.13671],[113.24309,23.13627],[113.24577,23.13481],[113.24529,23.13377],[113.24564,23.13374],[113.24656,23.13303],[113.24697,23.13217],[113.25058,23.1304],[113.25278,23.12907],[113.25344,23.12888],[113.2547,23.12882],[113.25442,23.12511],[113.25274,23.11885],[113.25314,23.11604],[113.25271,23.11499],[113.25274,23.11437],[113.25334,23.11285],[113.25387,23.10854],[113.2542,23.10818],[113.25424,23.10714],[113.24844,23.10492],[113.24417,23.10369],[113.24208,23.10328],[113.24392,23.1009],[113.24551,23.09827],[113.24853,23.09393],[113.25236,23.08175],[113.25745,23.07321],[113.26434,23.06537],[113.26756,23.06268],[113.27089,23.06036],[113.27544,23.05612],[113.27689,23.05444],[113.27339,23.0536],[113.26508,23.05057],[113.2578,23.04677],[113.25612,23.04391],[113.2558,23.04441],[113.25493,23.04483],[113.25033,23.04393],[113.24535,23.04337],[113.23367,23.04286],[113.22574,23.04186],[113.22104,23.04248],[113.21169,23.04332],[113.20922,23.04448],[113.20334,23.0506],[113.19966,23.05344],[113.19576,23.05617],[113.19109,23.05764],[113.18818,23.05824],[113.18484,23.05965],[113.18243,23.06148],[113.18061,23.06317],[113.17792,23.06803],[113.17757,23.06957],[113.1782,23.07268],[113.17877,23.07346],[113.17901,23.07426],[113.17886,23.07476],[113.17719,23.07669],[113.17712,23.07715],[113.17741,23.07756],[113.17821,23.07768],[113.18139,23.07752],[113.18341,23.07786],[113.18591,23.07903],[113.19176,23.08283],[113.19365,23.08388],[113.19523,23.0841],[113.20529,23.08388],[113.207,23.08379],[113.20825,23.08347],[113.20881,23.08355],[113.20929,23.08621],[113.20959,23.08691],[113.21033,23.08748],[113.2125,23.08832],[113.21317,23.08908],[113.21313,23.08945],[113.21199,23.09057],[113.21208,23.09098],[113.21326,23.09268],[113.21327,23.09298],[113.21397,23.09267],[113.21455,23.09189],[113.21481,23.09168]]]]}},{"type":"Feature","properties":{"adcode":"440104","name":"越秀区","level":"district","center":[113.267065,23.128673],"site":"https://geojson.hxkj.vip"},"geometry":{"type":"MultiPolygon","coordinates":[[[[113.24288,23.15961],[113.24297,23.16049],[113.24278,23.16076],[113.24089,23.16146],[113.24053,23.1618],[113.24081,23.16296],[113.24199,23.16455],[113.24222,23.16578],[113.24211,23.16617],[113.24059,23.16793],[113.24046,23.16827],[113.24058,23.16875],[113.24107,23.16885],[113.24247,23.16858],[113.24331,23.16874],[113.24658,23.1675],[113.24748,23.16748],[113.24765,23.16787],[113.24877,23.16747],[113.24941,23.16745],[113.24966,23.16772],[113.25064,23.16804],[113.25062,23.1673],[113.25105,23.16728],[113.25084,23.16689],[113.25104,23.16633],[113.25199,23.16625],[113.25339,23.16556],[113.25447,23.16206],[113.25653,23.16047],[113.2567,23.16],[113.25671,23.15887],[113.25706,23.15793],[113.2586,23.15657],[113.26052,23.15528],[113.25942,23.15457],[113.25858,23.15421],[113.25778,23.15414],[113.25713,23.15381],[113.25519,23.15177],[113.25969,23.14949],[113.26153,23.14795],[113.2621,23.14772],[113.26254,23.14981],[113.26346,23.14992],[113.2664,23.14964],[113.26656,23.14856],[113.26645,23.14795],[113.26766,23.14753],[113.26782,23.14771],[113.26918,23.14817],[113.26966,23.14807],[113.27091,23.14861],[113.27075,23.15183],[113.27172,23.15244],[113.27187,23.15295],[113.27357,23.15377],[113.27634,23.15345],[113.27753,23.15347],[113.27964,23.15381],[113.28061,23.15474],[113.28137,23.15618],[113.28239,23.15624],[113.28395,23.1567],[113.28455,23.15592],[113.2855,23.1552],[113.28759,23.15438],[113.28901,23.15432],[113.29128,23.15482],[113.29368,23.15469],[113.29388,23.15476],[113.29558,23.15686],[113.29651,23.16014],[113.29829,23.16096],[113.29934,23.15895],[113.29948,23.1583],[113.30065,23.15737],[113.30332,23.15875],[113.30448,23.15904],[113.3062,23.15981],[113.3085,23.15654],[113.30866,23.15606],[113.30749,23.15579],[113.30379,23.1542],[113.30098,23.15031],[113.30141,23.14932],[113.30226,23.14926],[113.30288,23.149],[113.30494,23.14739],[113.30786,23.14021],[113.30836,23.14007],[113.30847,23.13975],[113.30875,23.1397],[113.30914,23.14016],[113.30976,23.14031],[113.31169,23.14348],[113.31267,23.14367],[113.31421,23.14327],[113.31429,23.14313],[113.31438,23.14216],[113.31461,23.14178],[113.31524,23.13352],[113.31511,23.12979],[113.31536,23.11686],[113.31521,23.11272],[113.31775,23.11229],[113.31903,23.11231],[113.32013,23.11126],[113.32173,23.11055],[113.3225,23.11],[113.32306,23.10921],[113.31903,23.10842],[113.31886,23.10818],[113.31784,23.10772],[113.31111,23.1061],[113.30831,23.10562],[113.30495,23.10533],[113.30236,23.10534],[113.29896,23.10581],[113.29463,23.10683],[113.2873,23.10948],[113.27935,23.11274],[113.2766,23.11348],[113.27366,23.11372],[113.26945,23.11334],[113.26702,23.11267],[113.2579,23.10854],[113.25424,23.10714],[113.2542,23.10818],[113.25387,23.10854],[113.25334,23.11285],[113.25274,23.11437],[113.25271,23.11499],[113.25314,23.11604],[113.25274,23.11885],[113.25442,23.12511],[113.2547,23.1289],[113.25344,23.12888],[113.25278,23.12907],[113.25058,23.1304],[113.24697,23.13217],[113.24656,23.13303],[113.24564,23.13374],[113.24529,23.13377],[113.24577,23.13481],[113.24309,23.13627],[113.2433,23.13659],[113.24464,23.13755],[113.24969,23.13786],[113.25091,23.1381],[113.2516,23.13838],[113.25328,23.1395],[113.25354,23.13983],[113.25325,23.1416],[113.25256,23.14186],[113.25221,23.14242],[113.25233,23.14294],[113.25205,23.14361],[113.25217,23.14383],[113.25188,23.14415],[113.2533,23.14527],[113.25258,23.14593],[113.252,23.14592],[113.25125,23.14709],[113.25118,23.14746],[113.25163,23.1476],[113.25123,23.1487],[113.24889,23.14763],[113.24735,23.14764],[113.24534,23.1484],[113.24528,23.14905],[113.245,23.14939],[113.24456,23.15205],[113.24369,23.15361],[113.24282,23.15456],[113.2421,23.15607],[113.24267,23.15799],[113.24288,23.15961]]]]}},{"type":"Feature","properties":{"adcode":"440105","name":"海珠区","level":"district","center":[113.317412,23.084003],"site":"https://geojson.hxkj.vip"},"geometry":{"type":"MultiPolygon","coordinates":[[[[113.32306,23.10921],[113.32751,23.1092],[113.33402,23.10969],[113.33862,23.10962],[113.34238,23.10914],[113.34491,23.10838],[113.34776,23.10785],[113.35573,23.10713],[113.36192,23.10698],[113.37212,23.10719],[113.3811,23.10788],[113.38556,23.10739],[113.39226,23.10605],[113.39847,23.10441],[113.39971,23.10378],[113.40072,23.10297],[113.40718,23.09974],[113.41466,23.09812],[113.41681,23.09686],[113.41376,23.09156],[113.41971,23.08777],[113.40979,23.08329],[113.40082,23.08082],[113.40075,23.08061],[113.39814,23.0795],[113.39012,23.07429],[113.38369,23.06892],[113.38231,23.06608],[113.38017,23.06316],[113.3715,23.0571],[113.36918,23.05532],[113.36876,23.05479],[113.36887,23.05382],[113.3687,23.05281],[113.3678,23.05159],[113.36591,23.04836],[113.36466,23.04722],[113.36258,23.04609],[113.36051,23.04533],[113.35491,23.04402],[113.35243,23.04363],[113.3487,23.04422],[113.34643,23.0448],[113.33837,23.04786],[113.32782,23.0515],[113.32304,23.05151],[113.32013,23.05112],[113.31471,23.05073],[113.30827,23.05073],[113.30078,23.05148],[113.29413,23.05242],[113.28563,23.05453],[113.28128,23.05511],[113.28004,23.05512],[113.27689,23.05444],[113.27544,23.05612],[113.27089,23.06036],[113.26756,23.06268],[113.26434,23.06537],[113.25745,23.07321],[113.25236,23.08175],[113.24853,23.09393],[113.24551,23.09827],[113.24392,23.1009],[113.24208,23.10328],[113.24417,23.10369],[113.24844,23.10492],[113.2579,23.10854],[113.26708,23.11269],[113.26945,23.11334],[113.27366,23.11372],[113.2766,23.11348],[113.27935,23.11274],[113.2873,23.10948],[113.29463,23.10683],[113.29896,23.10581],[113.30236,23.10534],[113.30495,23.10533],[113.30831,23.10562],[113.31111,23.1061],[113.31784,23.10772],[113.31886,23.10818],[113.31903,23.10842],[113.32287,23.10911],[113.32306,23.10921]]]]}},{"type":"Feature","properties":{"adcode":"440106","name":"天河区","level":"district","center":[113.361597,23.124817],"site":"https://geojson.hxkj.vip"},"geometry":{"type":"MultiPolygon","coordinates":[[[[113.40219,23.22708],[113.40216,23.22634],[113.4019,23.22606],[113.40168,23.22537],[113.40163,23.22419],[113.40189,23.22361],[113.40196,23.22278],[113.40182,23.22226],[113.40196,23.22159],[113.40104,23.21803],[113.40064,23.21702],[113.39989,23.21659],[113.39963,23.21551],[113.39915,23.21503],[113.39849,23.21483],[113.39807,23.21441],[113.39807,23.21421],[113.39894,23.21342],[113.4036,23.21033],[113.40746,23.20751],[113.40755,23.20654],[113.40744,23.20587],[113.40799,23.20506],[113.40812,23.20433],[113.40895,23.20339],[113.41747,23.1968],[113.42161,23.1946],[113.42193,23.19408],[113.42362,23.19264],[113.42394,23.19201],[113.42381,23.19136],[113.423,23.19133],[113.42054,23.19027],[113.42049,23.18984],[113.42087,23.18909],[113.42087,23.18866],[113.41943,23.18717],[113.41909,23.18648],[113.4191,23.18601],[113.4193,23.18567],[113.42188,23.18388],[113.42189,23.18359],[113.42212,23.18343],[113.42524,23.18407],[113.42504,23.18152],[113.42463,23.18002],[113.42402,23.17878],[113.42456,23.17845],[113.42537,23.17833],[113.42626,23.17771],[113.4275,23.1791],[113.42811,23.17849],[113.42924,23.17872],[113.42926,23.17756],[113.42946,23.17697],[113.42993,23.17651],[113.42995,23.17592],[113.42854,23.17398],[113.4274,23.17306],[113.42663,23.17277],[113.42598,23.17275],[113.42522,23.17284],[113.4238,23.17335],[113.42276,23.17212],[113.42126,23.1699],[113.4218,23.16949],[113.4209,23.16645],[113.42015,23.16666],[113.42001,23.16625],[113.41554,23.16674],[113.41521,23.16632],[113.41944,23.16589],[113.41942,23.16288],[113.41923,23.162],[113.41838,23.16096],[113.41777,23.16073],[113.41606,23.16077],[113.41605,23.15956],[113.41553,23.15923],[113.4154,23.15882],[113.4159,23.15719],[113.41982,23.15836],[113.4254,23.15924],[113.42911,23.15957],[113.42972,23.15947],[113.43111,23.15809],[113.43145,23.15574],[113.43279,23.15323],[113.43376,23.15203],[113.43486,23.1518],[113.43581,23.1522],[113.43799,23.15428],[113.43804,23.15273],[113.43734,23.14335],[113.44351,23.14262],[113.44804,23.14166],[113.44707,23.13973],[113.44703,23.13925],[113.44753,23.13837],[113.44775,23.13713],[113.44763,23.13596],[113.44706,23.13557],[113.44506,23.13492],[113.44491,23.1345],[113.4453,23.13319],[113.44654,23.13128],[113.44636,23.13083],[113.44487,23.13142],[113.44402,23.13126],[113.44196,23.12784],[113.44161,23.12781],[113.44153,23.12659],[113.44061,23.12505],[113.44071,23.12342],[113.4402,23.12141],[113.43191,23.1234],[113.43044,23.12134],[113.42957,23.1196],[113.426,23.11063],[113.42652,23.10969],[113.42614,23.10844],[113.42438,23.10806],[113.42399,23.10756],[113.42456,23.10624],[113.42444,23.10582],[113.42404,23.10547],[113.42151,23.10546],[113.42104,23.10534],[113.42084,23.10495],[113.42092,23.10449],[113.42236,23.10346],[113.42175,23.10174],[113.41717,23.10341],[113.41567,23.09988],[113.41466,23.09812],[113.40718,23.09974],[113.40072,23.10297],[113.39908,23.10415],[113.39801,23.10456],[113.39226,23.10605],[113.38556,23.10739],[113.3811,23.10788],[113.37088,23.10715],[113.36192,23.10698],[113.35573,23.10713],[113.34776,23.10785],[113.34491,23.10838],[113.34238,23.10914],[113.33862,23.10962],[113.33402,23.10969],[113.32751,23.1092],[113.32306,23.10921],[113.3225,23.11],[113.32173,23.11055],[113.32013,23.11126],[113.31903,23.11231],[113.31775,23.11229],[113.31533,23.11262],[113.31521,23.11272],[113.31535,23.12001],[113.31511,23.12979],[113.31524,23.13352],[113.31461,23.14178],[113.31438,23.14216],[113.31429,23.14313],[113.31421,23.14327],[113.31267,23.14367],[113.31169,23.14348],[113.30976,23.14031],[113.30914,23.14016],[113.30875,23.1397],[113.30847,23.13975],[113.30836,23.14007],[113.30786,23.14021],[113.30494,23.14739],[113.30288,23.149],[113.30226,23.14926],[113.30141,23.14932],[113.30098,23.15031],[113.30379,23.1542],[113.30749,23.15579],[113.30866,23.15606],[113.3085,23.15654],[113.30624,23.15977],[113.30793,23.15943],[113.3097,23.15975],[113.31003,23.15932],[113.31013,23.15778],[113.31056,23.15733],[113.31168,23.15698],[113.31242,23.1574],[113.31255,23.15807],[113.31204,23.1593],[113.3106,23.1607],[113.31059,23.16092],[113.31132,23.16159],[113.31187,23.16247],[113.31185,23.16287],[113.31158,23.16355],[113.31014,23.16423],[113.30954,23.16503],[113.3094,23.16746],[113.30912,23.16909],[113.31014,23.1701],[113.312,23.17029],[113.31355,23.17018],[113.31629,23.17214],[113.31631,23.17286],[113.31659,23.17353],[113.31644,23.17475],[113.31849,23.17594],[113.3184,23.17655],[113.31767,23.17736],[113.31784,23.17748],[113.31926,23.17702],[113.31932,23.17655],[113.3203,23.17636],[113.32022,23.17589],[113.32172,23.17576],[113.3217,23.17461],[113.32295,23.17473],[113.32344,23.1745],[113.32377,23.17402],[113.32514,23.17544],[113.32593,23.17554],[113.32721,23.17531],[113.32846,23.1738],[113.32901,23.17351],[113.32941,23.17376],[113.33026,23.17289],[113.33094,23.17344],[113.33143,23.17323],[113.3329,23.17321],[113.33366,23.17384],[113.33419,23.17459],[113.33394,23.17505],[113.334,23.17571],[113.33471,23.17719],[113.33446,23.17785],[113.33452,23.17834],[113.33498,23.17862],[113.33586,23.17861],[113.33749,23.17799],[113.33786,23.17888],[113.33869,23.17978],[113.33852,23.17983],[113.3386,23.18014],[113.33842,23.18072],[113.33778,23.18068],[113.33742,23.1811],[113.33752,23.18149],[113.33727,23.18191],[113.33737,23.1823],[113.33845,23.18274],[113.33868,23.18297],[113.33877,23.1843],[113.33902,23.18477],[113.33957,23.1849],[113.34189,23.1862],[113.34185,23.18655],[113.3421,23.1866],[113.34245,23.18715],[113.34205,23.18833],[113.34244,23.18881],[113.34285,23.18846],[113.34298,23.1886],[113.34323,23.1885],[113.34486,23.19247],[113.34538,23.19327],[113.34756,23.19465],[113.3482,23.1963],[113.34883,23.19669],[113.35045,23.20411],[113.35018,23.20744],[113.35077,23.21319],[113.3504,23.2157],[113.35047,23.21609],[113.35001,23.21675],[113.35013,23.21743],[113.34999,23.218],[113.35047,23.21917],[113.35043,23.2199],[113.35095,23.22054],[113.35403,23.22617],[113.35967,23.23015],[113.36069,23.22979],[113.36147,23.22917],[113.36392,23.22857],[113.36447,23.22885],[113.36569,23.22882],[113.36655,23.22976],[113.36767,23.22995],[113.36849,23.23032],[113.37333,23.22861],[113.37634,23.22868],[113.37756,23.22895],[113.38308,23.235],[113.38419,23.23554],[113.38485,23.23639],[113.38548,23.2378],[113.3866,23.239],[113.39089,23.24089],[113.39354,23.24303],[113.39406,23.24314],[113.39805,23.24557],[113.40001,23.24557],[113.40071,23.24588],[113.40175,23.24569],[113.40238,23.24519],[113.405,23.24153],[113.40496,23.24058],[113.40515,23.24003],[113.40506,23.23952],[113.40522,23.23907],[113.40509,23.23819],[113.40469,23.23767],[113.40502,23.23721],[113.40565,23.2316],[113.40241,23.2278],[113.40245,23.22751],[113.40219,23.22708]]]]}},{"type":"Feature","properties":{"adcode":"440111","name":"白云区","level":"district","center":[113.2732,23.157159],"site":"https://geojson.hxkj.vip"},"geometry":{"type":"MultiPolygon","coordinates":[[[[113.30624,23.15977],[113.30523,23.15947],[113.30448,23.15904],[113.30332,23.15875],[113.30065,23.15737],[113.29948,23.1583],[113.29934,23.15895],[113.29829,23.16096],[113.29651,23.16014],[113.29558,23.15686],[113.29388,23.15476],[113.29128,23.15482],[113.28901,23.15432],[113.28759,23.15438],[113.2855,23.1552],[113.28455,23.15592],[113.28399,23.15669],[113.28239,23.15624],[113.28137,23.15618],[113.28061,23.15474],[113.27964,23.15381],[113.27753,23.15347],[113.27634,23.15345],[113.27357,23.15377],[113.27187,23.15295],[113.27172,23.15244],[113.27075,23.15183],[113.27091,23.14861],[113.26966,23.14807],[113.26918,23.14817],[113.26763,23.14753],[113.26645,23.14795],[113.26656,23.14856],[113.2664,23.14964],[113.26346,23.14992],[113.26254,23.14981],[113.2621,23.14772],[113.26153,23.14795],[113.25969,23.14949],[113.25519,23.15177],[113.25713,23.15381],[113.25778,23.15414],[113.25858,23.15421],[113.25942,23.15457],[113.26052,23.15528],[113.2586,23.15657],[113.25706,23.15793],[113.25671,23.15887],[113.2567,23.16],[113.25653,23.16047],[113.25447,23.16206],[113.25333,23.16562],[113.25199,23.16625],[113.25104,23.16633],[113.25084,23.16689],[113.25105,23.16728],[113.25062,23.1673],[113.25064,23.16804],[113.24966,23.16772],[113.24941,23.16745],[113.24877,23.16747],[113.24765,23.16787],[113.24748,23.16748],[113.24658,23.1675],[113.24331,23.16874],[113.24247,23.16858],[113.24075,23.16884],[113.24047,23.16859],[113.24052,23.16806],[113.24211,23.16617],[113.24222,23.16578],[113.24199,23.16455],[113.24081,23.16296],[113.24053,23.1618],[113.24089,23.16146],[113.24278,23.16076],[113.24297,23.16049],[113.24266,23.15902],[113.24139,23.15795],[113.23816,23.1566],[113.23766,23.15552],[113.23745,23.15429],[113.23757,23.15257],[113.23711,23.15066],[113.23707,23.14903],[113.23681,23.14813],[113.23497,23.14557],[113.23328,23.14374],[113.2294,23.14063],[113.22834,23.13922],[113.2277,23.13804],[113.22547,23.13993],[113.22373,23.14198],[113.22158,23.14349],[113.22048,23.1445],[113.21813,23.14814],[113.21685,23.14976],[113.21645,23.14999],[113.21585,23.14953],[113.21541,23.14867],[113.21371,23.1417],[113.21267,23.1411],[113.21143,23.14166],[113.21169,23.14351],[113.20996,23.14316],[113.20893,23.14324],[113.20893,23.14407],[113.20821,23.14407],[113.2082,23.14439],[113.20497,23.14387],[113.20496,23.14431],[113.20142,23.14447],[113.20108,23.14611],[113.19717,23.14618],[113.19443,23.14689],[113.19448,23.14536],[113.19418,23.14535],[113.19418,23.146],[113.19358,23.1458],[113.1928,23.14495],[113.19197,23.14506],[113.19151,23.14533],[113.19127,23.14489],[113.18964,23.14479],[113.18855,23.1451],[113.1883,23.14556],[113.18841,23.14655],[113.18794,23.14664],[113.18772,23.14736],[113.18878,23.14814],[113.18834,23.14847],[113.18752,23.1496],[113.18802,23.15162],[113.18775,23.15245],[113.18744,23.15236],[113.18717,23.15269],[113.18675,23.15259],[113.18628,23.15308],[113.18625,23.15356],[113.18588,23.154],[113.18614,23.15436],[113.18673,23.154],[113.18739,23.15411],[113.18756,23.15451],[113.1875,23.15499],[113.18567,23.15619],[113.18566,23.15653],[113.18658,23.15789],[113.18779,23.15903],[113.18963,23.16149],[113.19279,23.16347],[113.19245,23.16376],[113.19256,23.16446],[113.19344,23.16505],[113.19397,23.16598],[113.19855,23.16846],[113.19818,23.16942],[113.19848,23.17022],[113.19994,23.17129],[113.2013,23.17257],[113.20332,23.17327],[113.20501,23.17294],[113.20593,23.17243],[113.20718,23.17382],[113.20764,23.17567],[113.20841,23.17618],[113.21097,23.17673],[113.20837,23.18198],[113.20804,23.18345],[113.20831,23.18493],[113.20897,23.18665],[113.209,23.19218],[113.2085,23.19359],[113.20548,23.19931],[113.2049,23.20116],[113.20224,23.2038],[113.19624,23.20807],[113.19357,23.21094],[113.19234,23.21267],[113.1911,23.21496],[113.18436,23.21526],[113.17748,23.22088],[113.17828,23.22601],[113.17749,23.23238],[113.17688,23.23351],[113.17642,23.234],[113.17654,23.23504],[113.17633,23.23602],[113.17654,23.23659],[113.17919,23.23754],[113.17965,23.24058],[113.1805,23.24306],[113.18114,23.24572],[113.18199,23.25144],[113.182,23.25278],[113.1814,23.25698],[113.18058,23.25984],[113.17938,23.26576],[113.17775,23.2713],[113.17653,23.2736],[113.17344,23.27705],[113.17221,23.27744],[113.16662,23.27824],[113.16457,23.27901],[113.16334,23.28093],[113.16274,23.28532],[113.16192,23.28609],[113.1603,23.28584],[113.15991,23.28623],[113.15536,23.28609],[113.15536,23.28527],[113.15279,23.28504],[113.15261,23.28613],[113.15185,23.28609],[113.15179,23.28699],[113.15099,23.28722],[113.15101,23.28765],[113.15023,23.28896],[113.14937,23.29114],[113.14937,23.29224],[113.15,23.29493],[113.15041,23.29588],[113.15083,23.29798],[113.15001,23.29914],[113.1555,23.30036],[113.1569,23.30266],[113.15544,23.30556],[113.15524,23.30752],[113.15529,23.31167],[113.15576,23.3143],[113.15769,23.32079],[113.15718,23.3244],[113.1553,23.32881],[113.15307,23.33301],[113.15363,23.33685],[113.15734,23.34276],[113.16178,23.34816],[113.16352,23.35267],[113.16564,23.35598],[113.16612,23.3563],[113.16797,23.35666],[113.16908,23.35711],[113.17098,23.35865],[113.17133,23.36004],[113.17265,23.3601],[113.17307,23.35987],[113.17346,23.36024],[113.17392,23.36039],[113.17918,23.35854],[113.18182,23.35525],[113.18315,23.35497],[113.18503,23.3564],[113.18792,23.35697],[113.18948,23.35761],[113.19183,23.35913],[113.19362,23.35957],[113.19554,23.35832],[113.2047,23.35902],[113.20573,23.35998],[113.2124,23.35689],[113.21524,23.35166],[113.21386,23.34613],[113.2142,23.34243],[113.2137,23.33742],[113.21412,23.33695],[113.21557,23.33598],[113.21743,23.33512],[113.22087,23.33118],[113.22551,23.33181],[113.23095,23.33223],[113.23462,23.33144],[113.23708,23.33168],[113.23828,23.33447],[113.23882,23.33969],[113.24764,23.34136],[113.25058,23.34321],[113.26024,23.34379],[113.26076,23.34368],[113.26099,23.34381],[113.26144,23.34516],[113.26049,23.34587],[113.26033,23.34624],[113.26021,23.34975],[113.26003,23.35018],[113.25825,23.35023],[113.25796,23.3503],[113.25776,23.35057],[113.25783,23.35168],[113.25749,23.35227],[113.25729,23.35729],[113.25795,23.35908],[113.25984,23.36233],[113.26046,23.36306],[113.2623,23.36312],[113.26231,23.36231],[113.26255,23.36189],[113.26255,23.36125],[113.26192,23.36118],[113.26086,23.35851],[113.26127,23.35622],[113.26335,23.35602],[113.26379,23.35631],[113.26714,23.3569],[113.27193,23.36001],[113.27211,23.36092],[113.27239,23.3609],[113.27353,23.3657],[113.27668,23.36706],[113.27831,23.36902],[113.28356,23.36895],[113.28755,23.37279],[113.28649,23.37577],[113.2867,23.37676],[113.28733,23.37713],[113.28837,23.37733],[113.29045,23.37808],[113.29254,23.37961],[113.29358,23.38113],[113.29442,23.38323],[113.29547,23.38475],[113.29652,23.3857],[113.29735,23.38589],[113.29839,23.3855],[113.2988,23.38494],[113.29942,23.38455],[113.29982,23.38322],[113.30024,23.38264],[113.30086,23.38207],[113.30147,23.38188],[113.30252,23.38226],[113.30356,23.38301],[113.3046,23.38415],[113.3062,23.38495],[113.30835,23.3842],[113.31158,23.3939],[113.31762,23.39437],[113.31896,23.39105],[113.32062,23.39099],[113.32332,23.39117],[113.3285,23.38982],[113.33119,23.38867],[113.33243,23.3879],[113.33388,23.38752],[113.3345,23.38714],[113.33574,23.38675],[113.33719,23.38713],[113.33782,23.3877],[113.33823,23.3889],[113.3389,23.39437],[113.33974,23.39589],[113.34245,23.39893],[113.34412,23.40007],[113.34515,23.40045],[113.34909,23.40082],[113.35033,23.40062],[113.35158,23.40062],[113.35386,23.40118],[113.35511,23.40194],[113.35636,23.40308],[113.3574,23.40441],[113.35824,23.40594],[113.35867,23.40841],[113.35957,23.41053],[113.36167,23.41271],[113.36767,23.41232],[113.37475,23.41272],[113.37811,23.41455],[113.38251,23.42087],[113.38445,23.41988],[113.38644,23.41789],[113.38737,23.41441],[113.3911,23.41346],[113.39181,23.4138],[113.39329,23.41388],[113.39534,23.41322],[113.39616,23.41183],[113.39662,23.41049],[113.3958,23.40029],[113.3962,23.39553],[113.39653,23.39387],[113.39709,23.39276],[113.39801,23.39193],[113.39925,23.39129],[113.40096,23.39115],[113.40207,23.3917],[113.40369,23.39309],[113.40969,23.39614],[113.41223,23.39771],[113.41809,23.40301],[113.41896,23.40329],[113.41966,23.40311],[113.42395,23.40052],[113.42607,23.39964],[113.42736,23.39968],[113.42897,23.4001],[113.4304,23.40222],[113.43243,23.4043],[113.4345,23.40582],[113.43547,23.40595],[113.43644,23.40572],[113.43796,23.40498],[113.43953,23.40466],[113.44027,23.40521],[113.44073,23.40627],[113.44146,23.40701],[113.44303,23.40788],[113.44446,23.40917],[113.44561,23.41217],[113.44557,23.41342],[113.44456,23.41642],[113.4446,23.41739],[113.44501,23.41831],[113.44593,23.41864],[113.44736,23.41877],[113.45289,23.41885],[113.45533,23.41903],[113.4569,23.41931],[113.45892,23.42],[113.46086,23.42073],[113.46247,23.42202],[113.46523,23.42488],[113.46965,23.42717],[113.47269,23.42841],[113.47298,23.42866],[113.47469,23.42652],[113.4777,23.42625],[113.48033,23.42468],[113.48358,23.42381],[113.48683,23.42209],[113.49146,23.42009],[113.49237,23.41855],[113.49654,23.41446],[113.49818,23.41178],[113.49689,23.41217],[113.49389,23.41168],[113.49202,23.412],[113.49067,23.41099],[113.4901,23.41009],[113.49015,23.40876],[113.48999,23.40818],[113.4897,23.40762],[113.4888,23.40691],[113.48782,23.40663],[113.48685,23.40594],[113.48615,23.40586],[113.48584,23.4062],[113.48217,23.40558],[113.48177,23.402],[113.48137,23.40148],[113.4786,23.40006],[113.47463,23.40004],[113.47248,23.40086],[113.4722,23.40153],[113.4715,23.40221],[113.47079,23.40262],[113.47007,23.40264],[113.46891,23.40212],[113.46774,23.40108],[113.46741,23.39843],[113.46751,23.39629],[113.46805,23.39455],[113.46893,23.3936],[113.46878,23.39301],[113.46599,23.3918],[113.46383,23.3917],[113.4624,23.39199],[113.46096,23.39175],[113.4602,23.39017],[113.46,23.38685],[113.46187,23.38655],[113.46317,23.38692],[113.46405,23.38784],[113.4668,23.38912],[113.46809,23.38931],[113.46851,23.38705],[113.46805,23.38227],[113.46728,23.37992],[113.46716,23.37781],[113.46616,23.37703],[113.4665,23.37463],[113.46786,23.37337],[113.46864,23.37179],[113.46857,23.37151],[113.46882,23.37023],[113.4686,23.36604],[113.47205,23.36223],[113.47496,23.35814],[113.4771,23.35558],[113.47387,23.35071],[113.47162,23.35064],[113.47092,23.35085],[113.47049,23.35134],[113.46956,23.35153],[113.46868,23.35115],[113.46895,23.35008],[113.46951,23.34887],[113.46946,23.34648],[113.47045,23.34541],[113.47008,23.34477],[113.46975,23.34231],[113.46948,23.3421],[113.46809,23.34176],[113.46709,23.34118],[113.46617,23.34104],[113.46327,23.33715],[113.46553,23.33675],[113.46775,23.33581],[113.46911,23.33579],[113.47006,23.33634],[113.47079,23.33626],[113.4713,23.33507],[113.47146,23.33377],[113.47054,23.32813],[113.47182,23.32651],[113.47298,23.32627],[113.47362,23.32634],[113.47497,23.32545],[113.47544,23.3253],[113.48112,23.3251],[113.48519,23.32685],[113.48739,23.32682],[113.48841,23.32583],[113.48884,23.32408],[113.491,23.3208],[113.49263,23.32147],[113.49331,23.32226],[113.49567,23.32216],[113.49775,23.32081],[113.50384,23.3189],[113.50502,23.31787],[113.50645,23.317],[113.50868,23.31301],[113.50985,23.30778],[113.50958,23.3033],[113.50933,23.30273],[113.50416,23.29956],[113.50336,23.29864],[113.50089,23.29657],[113.49832,23.29073],[113.49651,23.28832],[113.49524,23.28725],[113.49512,23.28667],[113.49592,23.28615],[113.50222,23.28325],[113.50467,23.28269],[113.50561,23.28149],[113.5057,23.2802],[113.50603,23.27921],[113.5032,23.27774],[113.50321,23.2767],[113.50381,23.27518],[113.50386,23.27187],[113.50412,23.27102],[113.50568,23.27106],[113.50619,23.27128],[113.5064,23.27301],[113.50619,23.27329],[113.50525,23.2732],[113.50523,23.27452],[113.50543,23.27507],[113.50593,23.27544],[113.50634,23.27551],[113.5065,23.27588],[113.50659,23.2771],[113.50763,23.27676],[113.50803,23.27586],[113.5082,23.27495],[113.50845,23.2747],[113.50987,23.27454],[113.51017,23.27394],[113.50967,23.27354],[113.50902,23.27313],[113.50741,23.27275],[113.50722,23.27233],[113.50728,23.27181],[113.50692,23.27119],[113.50694,23.27061],[113.50644,23.26844],[113.50607,23.26766],[113.50609,23.26688],[113.50561,23.26622],[113.50435,23.26607],[113.50259,23.26545],[113.50093,23.26414],[113.49682,23.26325],[113.49565,23.26269],[113.49537,23.26197],[113.49564,23.26091],[113.49555,23.26026],[113.49429,23.25932],[113.49375,23.25921],[113.49275,23.25714],[113.49246,23.25445],[113.49212,23.25367],[113.49127,23.25304],[113.48989,23.25327],[113.48958,23.25303],[113.48489,23.25241],[113.48351,23.25255],[113.48266,23.25234],[113.48136,23.25271],[113.48099,23.25264],[113.47993,23.25071],[113.47835,23.24956],[113.47777,23.24886],[113.47796,23.24828],[113.47837,23.24792],[113.47871,23.24785],[113.47954,23.24807],[113.4803,23.24734],[113.47885,23.24618],[113.4777,23.24624],[113.47519,23.24383],[113.47501,23.24394],[113.47489,23.24441],[113.47487,23.24508],[113.47508,23.24554],[113.47494,23.24583],[113.47164,23.24533],[113.46956,23.24521],[113.46995,23.24434],[113.46994,23.2437],[113.47018,23.24299],[113.47069,23.24267],[113.47135,23.24253],[113.47163,23.24226],[113.47152,23.2416],[113.47096,23.241],[113.47056,23.24084],[113.46987,23.24099],[113.46927,23.24145],[113.46844,23.24338],[113.46808,23.24339],[113.46711,23.24302],[113.46543,23.24315],[113.46523,23.24334],[113.46509,23.24405],[113.46468,23.2449],[113.46328,23.24524],[113.46314,23.24511],[113.46252,23.24519],[113.46041,23.24435],[113.45973,23.24448],[113.45831,23.2451],[113.45174,23.24387],[113.45078,23.24413],[113.45026,23.24402],[113.45001,23.24433],[113.44948,23.2461],[113.44799,23.24663],[113.44787,23.24651],[113.44713,23.2465],[113.44634,23.24601],[113.44572,23.24591],[113.44496,23.24543],[113.44435,23.24473],[113.44279,23.24436],[113.44207,23.24372],[113.44059,23.24497],[113.44172,23.24632],[113.44411,23.24642],[113.4456,23.24686],[113.44635,23.24684],[113.44672,23.24697],[113.44726,23.24792],[113.44712,23.24828],[113.44651,23.24832],[113.44564,23.24802],[113.44329,23.24839],[113.44213,23.24912],[113.4441,23.2513],[113.44701,23.25162],[113.44825,23.25155],[113.4484,23.25184],[113.4483,23.25362],[113.44766,23.25421],[113.44727,23.2554],[113.44707,23.25693],[113.44759,23.25738],[113.44842,23.25743],[113.44868,23.25761],[113.44938,23.25866],[113.44903,23.25924],[113.44788,23.2599],[113.44772,23.26085],[113.4474,23.26133],[113.44698,23.26166],[113.44643,23.26172],[113.44628,23.2619],[113.44495,23.26489],[113.44187,23.26662],[113.4408,23.26744],[113.43884,23.26783],[113.43647,23.26632],[113.43514,23.26643],[113.43383,23.26623],[113.43282,23.26656],[113.4305,23.26652],[113.42806,23.26581],[113.42765,23.26562],[113.42746,23.26523],[113.42826,23.26301],[113.43026,23.25922],[113.43059,23.25906],[113.43112,23.25812],[113.43202,23.25792],[113.43251,23.2571],[113.43389,23.25583],[113.43424,23.25486],[113.43473,23.25423],[113.43495,23.25306],[113.43438,23.25178],[113.43326,23.25169],[113.43205,23.25089],[113.43119,23.24959],[113.43077,23.24973],[113.42997,23.24966],[113.42765,23.25088],[113.42625,23.25104],[113.42528,23.2506],[113.42508,23.24925],[113.4252,23.24715],[113.42602,23.24704],[113.42645,23.2464],[113.42724,23.24621],[113.42785,23.24645],[113.42889,23.24612],[113.42978,23.24628],[113.42967,23.24423],[113.43005,23.24217],[113.42957,23.24106],[113.42887,23.24038],[113.42815,23.24018],[113.42771,23.23927],[113.42664,23.24004],[113.42573,23.24099],[113.42537,23.24257],[113.42433,23.24257],[113.42304,23.24152],[113.42252,23.24146],[113.4218,23.24291],[113.41876,23.24503],[113.41933,23.24801],[113.41829,23.24883],[113.41736,23.24904],[113.41644,23.24871],[113.41631,23.24804],[113.4146,23.24704],[113.4129,23.24737],[113.41227,23.24791],[113.41212,23.24835],[113.41186,23.24812],[113.4115,23.2481],[113.41136,23.24722],[113.41174,23.2471],[113.41232,23.24651],[113.41135,23.24635],[113.41064,23.24585],[113.40966,23.2459],[113.40951,23.24573],[113.40989,23.24492],[113.40996,23.24345],[113.41075,23.24273],[113.41047,23.24159],[113.41055,23.23985],[113.41132,23.23734],[113.40829,23.2344],[113.40693,23.23368],[113.40627,23.23235],[113.40565,23.2316],[113.40502,23.23721],[113.40469,23.23767],[113.40509,23.23819],[113.40522,23.23907],[113.40496,23.24058],[113.405,23.24153],[113.40238,23.24519],[113.40175,23.24569],[113.40071,23.24588],[113.40001,23.24557],[113.39805,23.24557],[113.39406,23.24314],[113.39354,23.24303],[113.39089,23.24089],[113.3866,23.239],[113.38548,23.2378],[113.38485,23.23639],[113.38419,23.23554],[113.38308,23.235],[113.37756,23.22895],[113.37634,23.22868],[113.37333,23.22861],[113.36849,23.23032],[113.36767,23.22995],[113.36655,23.22976],[113.36569,23.22882],[113.36447,23.22885],[113.36392,23.22857],[113.36147,23.22917],[113.36069,23.22979],[113.35967,23.23015],[113.35403,23.22617],[113.35095,23.22054],[113.35043,23.2199],[113.35047,23.21917],[113.34999,23.218],[113.35013,23.21743],[113.35001,23.21675],[113.35047,23.21609],[113.3504,23.2157],[113.35077,23.21319],[113.35018,23.20744],[113.35045,23.20411],[113.34883,23.19669],[113.3482,23.1963],[113.34756,23.19465],[113.34538,23.19327],[113.34486,23.19247],[113.34323,23.1885],[113.34298,23.1886],[113.34285,23.18846],[113.34244,23.18881],[113.34205,23.18833],[113.34245,23.18715],[113.3421,23.1866],[113.34185,23.18655],[113.34189,23.1862],[113.33957,23.1849],[113.33902,23.18477],[113.33877,23.1843],[113.33868,23.18297],[113.33845,23.18274],[113.33737,23.1823],[113.33727,23.18191],[113.33752,23.18149],[113.33742,23.1811],[113.33778,23.18068],[113.33842,23.18072],[113.3386,23.18014],[113.33852,23.17983],[113.33869,23.17978],[113.33786,23.17888],[113.33749,23.17799],[113.33586,23.17861],[113.33498,23.17862],[113.33452,23.17834],[113.33446,23.17785],[113.33471,23.17719],[113.334,23.17571],[113.33394,23.17505],[113.33419,23.17459],[113.33366,23.17384],[113.3329,23.17321],[113.33143,23.17323],[113.33094,23.17344],[113.33026,23.17289],[113.32941,23.17376],[113.32901,23.17351],[113.32846,23.1738],[113.32721,23.17531],[113.32593,23.17554],[113.32514,23.17544],[113.32377,23.17402],[113.32344,23.1745],[113.32295,23.17473],[113.3217,23.17461],[113.32172,23.17576],[113.32022,23.17589],[113.3203,23.17636],[113.31932,23.17655],[113.31926,23.17702],[113.31784,23.17748],[113.31767,23.17736],[113.3184,23.17655],[113.31849,23.17594],[113.31644,23.17475],[113.31659,23.17353],[113.31631,23.17286],[113.31629,23.17214],[113.31355,23.17018],[113.312,23.17029],[113.31014,23.1701],[113.30912,23.16909],[113.3094,23.16746],[113.30954,23.16503],[113.31014,23.16423],[113.31158,23.16355],[113.31185,23.16287],[113.31187,23.16247],[113.31132,23.16159],[113.31059,23.16092],[113.3106,23.1607],[113.31204,23.1593],[113.31255,23.15807],[113.31242,23.1574],[113.31168,23.15698],[113.31056,23.15733],[113.31013,23.15778],[113.31003,23.15932],[113.3097,23.15975],[113.30793,23.15943],[113.30627,23.15976],[113.30624,23.15977]]]]}},{"type":"Feature","properties":{"adcode":"440112","name":"黄埔区","level":"district","center":[113.480613,23.181355],"site":"https://geojson.hxkj.vip"},"geometry":{"type":"MultiPolygon","coordinates":[[[[113.56387,23.37103],[113.56475,23.36959],[113.56522,23.36923],[113.56835,23.36782],[113.57028,23.36731],[113.57367,23.36355],[113.57354,23.36055],[113.57382,23.35958],[113.57728,23.35721],[113.58178,23.35507],[113.58475,23.35179],[113.58675,23.35023],[113.58749,23.34991],[113.58909,23.34754],[113.58838,23.34538],[113.58912,23.34493],[113.58998,23.34494],[113.59146,23.3436],[113.59138,23.34331],[113.59085,23.34277],[113.58998,23.34246],[113.5876,23.34047],[113.58702,23.33973],[113.58542,23.33884],[113.58511,23.33854],[113.58401,23.33656],[113.58448,23.33506],[113.58662,23.33213],[113.58717,23.33069],[113.58769,23.33058],[113.58806,23.33074],[113.58867,23.33134],[113.58891,23.33124],[113.58944,23.32905],[113.5893,23.32807],[113.58877,23.32666],[113.58882,23.326],[113.5896,23.32422],[113.59052,23.31988],[113.59089,23.31957],[113.59262,23.31951],[113.59353,23.31819],[113.59525,23.31781],[113.59954,23.31449],[113.60103,23.3143],[113.6031,23.3132],[113.60529,23.31311],[113.60615,23.31347],[113.60658,23.31332],[113.60752,23.31252],[113.60768,23.30939],[113.60579,23.30815],[113.60481,23.30798],[113.60362,23.30677],[113.60084,23.30638],[113.60015,23.30613],[113.599,23.30527],[113.59875,23.30526],[113.59842,23.30568],[113.5984,23.30689],[113.59895,23.30806],[113.5998,23.30905],[113.59969,23.30932],[113.59891,23.3098],[113.59879,23.31007],[113.59851,23.31286],[113.59719,23.31402],[113.59511,23.31459],[113.59193,23.31593],[113.59089,23.31584],[113.5919,23.31259],[113.59178,23.31175],[113.59224,23.31096],[113.59407,23.30538],[113.59248,23.30321],[113.59212,23.30181],[113.59339,23.2997],[113.59267,23.29653],[113.5928,23.29577],[113.59365,23.29519],[113.59493,23.29557],[113.59547,23.2972],[113.59637,23.29749],[113.59681,23.2973],[113.59725,23.29697],[113.59711,23.29402],[113.59725,23.29308],[113.59696,23.29238],[113.59643,23.29187],[113.59562,23.29127],[113.59502,23.29111],[113.59418,23.29153],[113.58908,23.2926],[113.58853,23.29144],[113.58845,23.29064],[113.58802,23.29001],[113.5881,23.28899],[113.58793,23.28866],[113.58817,23.2873],[113.58814,23.28632],[113.58865,23.28602],[113.58883,23.28652],[113.58992,23.28632],[113.59092,23.28666],[113.59195,23.28824],[113.59491,23.28908],[113.59548,23.28877],[113.59619,23.28806],[113.59682,23.28594],[113.59754,23.28587],[113.59874,23.28613],[113.59916,23.28459],[113.59774,23.28424],[113.59799,23.28275],[113.59978,23.28295],[113.60039,23.28269],[113.60093,23.28222],[113.60122,23.2816],[113.60146,23.27838],[113.60183,23.27638],[113.60181,23.27372],[113.60292,23.27136],[113.60293,23.26993],[113.60267,23.26893],[113.60211,23.26868],[113.59968,23.2683],[113.59819,23.26725],[113.59712,23.26543],[113.59712,23.2645],[113.59807,23.26362],[113.59982,23.26011],[113.60027,23.25972],[113.60052,23.25692],[113.60115,23.25567],[113.60062,23.2527],[113.60012,23.25251],[113.59693,23.25327],[113.59662,23.25214],[113.59656,23.25102],[113.59918,23.25033],[113.60169,23.25159],[113.60286,23.25089],[113.6023,23.24958],[113.60055,23.24821],[113.60018,23.24758],[113.60017,23.24596],[113.59999,23.24566],[113.59749,23.24485],[113.59856,23.24428],[113.60293,23.24329],[113.60324,23.24273],[113.60274,23.2416],[113.60168,23.24041],[113.59874,23.23886],[113.59644,23.2386],[113.59435,23.23794],[113.59347,23.2372],[113.59279,23.23558],[113.59223,23.23501],[113.59162,23.23544],[113.59029,23.23529],[113.58879,23.2345],[113.58836,23.23442],[113.5878,23.23401],[113.58733,23.23397],[113.58636,23.23432],[113.58595,23.23401],[113.58473,23.23391],[113.58419,23.23418],[113.58396,23.23464],[113.58315,23.23422],[113.58237,23.23412],[113.5819,23.23462],[113.58079,23.23489],[113.58042,23.23479],[113.5798,23.23393],[113.57939,23.23383],[113.57802,23.23243],[113.57674,23.23164],[113.57889,23.23082],[113.57889,23.22963],[113.58089,23.22783],[113.58137,23.2255],[113.58197,23.22508],[113.58361,23.22447],[113.58407,23.22385],[113.58701,23.22272],[113.59204,23.21769],[113.59191,23.2173],[113.59009,23.21507],[113.59056,23.21422],[113.5895,23.21308],[113.59056,23.21217],[113.58784,23.20976],[113.58452,23.20768],[113.58328,23.2035],[113.5803,23.20458],[113.58199,23.19955],[113.57821,23.19781],[113.5784,23.19741],[113.57794,23.19712],[113.57471,23.19598],[113.57484,23.19438],[113.57703,23.19312],[113.57695,23.19255],[113.57844,23.1906],[113.57814,23.19021],[113.58048,23.18824],[113.57806,23.18548],[113.58085,23.18249],[113.57909,23.18051],[113.57802,23.17887],[113.57744,23.17764],[113.57925,23.1762],[113.57818,23.17509],[113.57547,23.17394],[113.57502,23.17361],[113.57497,23.17263],[113.57471,23.17218],[113.57366,23.17195],[113.57329,23.17171],[113.57292,23.17037],[113.57229,23.16969],[113.57187,23.1694],[113.57104,23.16934],[113.57008,23.1687],[113.56828,23.16956],[113.5672,23.17117],[113.56507,23.1718],[113.56028,23.17192],[113.55815,23.17257],[113.55086,23.17214],[113.54906,23.16946],[113.54812,23.16753],[113.54783,23.1664],[113.54788,23.16499],[113.54834,23.16395],[113.55092,23.15998],[113.55465,23.14954],[113.55501,23.14797],[113.555,23.14737],[113.55411,23.14553],[113.55249,23.14276],[113.55085,23.14038],[113.54988,23.13842],[113.54988,23.13783],[113.55041,23.13751],[113.55047,23.137],[113.54996,23.13601],[113.54996,23.13554],[113.55094,23.13536],[113.55314,23.13533],[113.55412,23.1342],[113.55484,23.13424],[113.55533,23.13363],[113.5552,23.13316],[113.55478,23.13268],[113.55431,23.1317],[113.55484,23.13153],[113.55541,23.13212],[113.55588,23.13206],[113.55626,23.13179],[113.55632,23.13113],[113.55603,23.13032],[113.55622,23.12981],[113.55749,23.12911],[113.55766,23.12884],[113.55656,23.12421],[113.55819,23.12301],[113.55836,23.12272],[113.55822,23.12225],[113.55857,23.12144],[113.55846,23.11881],[113.55791,23.11858],[113.55798,23.11839],[113.55717,23.11785],[113.55722,23.11733],[113.55474,23.11601],[113.55426,23.11545],[113.55364,23.11587],[113.55319,23.11524],[113.55346,23.11425],[113.55406,23.11436],[113.55451,23.11397],[113.5553,23.11427],[113.55536,23.11252],[113.55511,23.11238],[113.55497,23.112],[113.55483,23.11197],[113.55478,23.11228],[113.55391,23.11214],[113.554,23.11155],[113.55381,23.11154],[113.55346,23.11181],[113.55333,23.11223],[113.55318,23.1122],[113.55309,23.11258],[113.55293,23.11258],[113.55298,23.11303],[113.55373,23.11312],[113.55367,23.11348],[113.55256,23.11358],[113.55234,23.11331],[113.55235,23.11315],[113.55251,23.11316],[113.55241,23.11291],[113.55152,23.11294],[113.55,23.11229],[113.54958,23.11102],[113.54958,23.11005],[113.55037,23.10941],[113.55018,23.1077],[113.55165,23.10784],[113.55296,23.10704],[113.55315,23.10613],[113.55254,23.10491],[113.55256,23.10435],[113.55458,23.10239],[113.55593,23.1002],[113.55861,23.09812],[113.56071,23.09771],[113.56222,23.09707],[113.56306,23.09732],[113.56417,23.09741],[113.56459,23.09551],[113.5648,23.09313],[113.56722,23.09259],[113.56956,23.08957],[113.56977,23.08728],[113.57033,23.0842],[113.56248,23.08202],[113.55629,23.08124],[113.5521,23.07844],[113.549,23.07603],[113.546,23.06905],[113.54372,23.06229],[113.54057,23.05796],[113.53199,23.05096],[113.52621,23.04308],[113.52289,23.03727],[113.52196,23.03322],[113.5217,23.03021],[113.51491,23.0391],[113.50643,23.05191],[113.50295,23.05498],[113.49645,23.05961],[113.4935,23.06103],[113.47862,23.06922],[113.47095,23.07282],[113.46828,23.07379],[113.46294,23.07536],[113.45904,23.07596],[113.45513,23.07618],[113.45145,23.0762],[113.44775,23.07585],[113.44425,23.07473],[113.43766,23.07172],[113.42901,23.06701],[113.4222,23.06362],[113.41172,23.06353],[113.40834,23.06288],[113.40702,23.06287],[113.40255,23.0648],[113.40115,23.06592],[113.40012,23.06784],[113.40022,23.06871],[113.40072,23.07005],[113.40236,23.07281],[113.40255,23.07402],[113.40248,23.07479],[113.39987,23.08022],[113.40086,23.08067],[113.40082,23.08082],[113.40979,23.08329],[113.41971,23.08777],[113.41376,23.09156],[113.41681,23.09686],[113.41466,23.09812],[113.41567,23.09988],[113.41717,23.10341],[113.42175,23.10174],[113.42236,23.10346],[113.42092,23.10449],[113.42084,23.10495],[113.42104,23.10534],[113.42151,23.10546],[113.42404,23.10547],[113.42444,23.10582],[113.42456,23.10624],[113.42399,23.10756],[113.42438,23.10806],[113.42614,23.10844],[113.42652,23.10969],[113.426,23.11063],[113.42957,23.1196],[113.43044,23.12134],[113.43191,23.1234],[113.4402,23.12141],[113.44071,23.12342],[113.44061,23.12505],[113.44153,23.12659],[113.44161,23.12781],[113.44196,23.12784],[113.44402,23.13126],[113.44487,23.13142],[113.44636,23.13083],[113.44654,23.13128],[113.4453,23.13319],[113.44491,23.1345],[113.44506,23.13492],[113.44706,23.13557],[113.44763,23.13596],[113.44775,23.13713],[113.44753,23.13837],[113.44703,23.13925],[113.44707,23.13973],[113.44804,23.14166],[113.44351,23.14262],[113.43734,23.14335],[113.43804,23.15273],[113.43799,23.15428],[113.43581,23.1522],[113.43486,23.1518],[113.43376,23.15203],[113.43279,23.15323],[113.43145,23.15574],[113.43111,23.15809],[113.42972,23.15947],[113.42911,23.15957],[113.4254,23.15924],[113.41982,23.15836],[113.4159,23.15719],[113.4154,23.15882],[113.41553,23.15923],[113.41605,23.15956],[113.41606,23.16077],[113.41777,23.16073],[113.41838,23.16096],[113.41923,23.162],[113.41942,23.16288],[113.41944,23.16589],[113.41521,23.16632],[113.41554,23.16674],[113.42001,23.16625],[113.42015,23.16666],[113.4209,23.16645],[113.4218,23.16949],[113.42126,23.1699],[113.42276,23.17212],[113.4238,23.17335],[113.42522,23.17284],[113.42598,23.17275],[113.42663,23.17277],[113.4274,23.17306],[113.42854,23.17398],[113.42995,23.17592],[113.42993,23.17651],[113.42946,23.17697],[113.42926,23.17756],[113.42924,23.17872],[113.42811,23.17849],[113.4275,23.1791],[113.42626,23.17771],[113.42537,23.17833],[113.42456,23.17845],[113.42402,23.17878],[113.42463,23.18002],[113.42504,23.18152],[113.42524,23.18407],[113.42212,23.18343],[113.42189,23.18359],[113.42188,23.18388],[113.4193,23.18567],[113.4191,23.18601],[113.41909,23.18648],[113.41943,23.18717],[113.42087,23.18866],[113.42087,23.18909],[113.42049,23.18984],[113.42054,23.19027],[113.42294,23.19131],[113.42381,23.19136],[113.42394,23.19201],[113.42362,23.19264],[113.42193,23.19408],[113.42161,23.1946],[113.41747,23.1968],[113.40895,23.20339],[113.40812,23.20433],[113.40799,23.20506],[113.40744,23.20587],[113.40755,23.20654],[113.40746,23.20751],[113.4036,23.21033],[113.39894,23.21342],[113.39807,23.21421],[113.39807,23.21441],[113.39849,23.21483],[113.39915,23.21503],[113.39963,23.21551],[113.39989,23.21659],[113.40064,23.21702],[113.40104,23.21803],[113.40196,23.22159],[113.40182,23.22226],[113.40196,23.22278],[113.40189,23.22361],[113.40163,23.22419],[113.40168,23.22537],[113.4019,23.22606],[113.40216,23.22634],[113.40241,23.2278],[113.40627,23.23235],[113.40693,23.23368],[113.40829,23.2344],[113.41132,23.23734],[113.41055,23.23985],[113.41047,23.24159],[113.41075,23.24273],[113.40996,23.24345],[113.40989,23.24492],[113.40951,23.24573],[113.40966,23.2459],[113.41064,23.24585],[113.41135,23.24635],[113.41232,23.24651],[113.41174,23.2471],[113.41136,23.24722],[113.4115,23.2481],[113.41186,23.24812],[113.41212,23.24835],[113.41227,23.24791],[113.4129,23.24737],[113.4146,23.24704],[113.41631,23.24804],[113.41644,23.24871],[113.41736,23.24904],[113.41829,23.24883],[113.41933,23.24801],[113.41876,23.24503],[113.4218,23.24291],[113.42252,23.24146],[113.42304,23.24152],[113.42433,23.24257],[113.42537,23.24257],[113.42573,23.24099],[113.42664,23.24004],[113.42771,23.23927],[113.42815,23.24018],[113.42887,23.24038],[113.42957,23.24106],[113.43005,23.24217],[113.42967,23.24423],[113.42978,23.24628],[113.42889,23.24612],[113.42785,23.24645],[113.42724,23.24621],[113.42645,23.2464],[113.42602,23.24704],[113.4252,23.24715],[113.42508,23.24925],[113.42528,23.2506],[113.42625,23.25104],[113.42765,23.25088],[113.42997,23.24966],[113.43077,23.24973],[113.43119,23.24959],[113.43205,23.25089],[113.43326,23.25169],[113.43438,23.25178],[113.43495,23.25306],[113.43473,23.25423],[113.43424,23.25486],[113.43389,23.25583],[113.43251,23.2571],[113.43202,23.25792],[113.43112,23.25812],[113.43059,23.25906],[113.43026,23.25922],[113.42826,23.26301],[113.42747,23.26544],[113.42806,23.26581],[113.4305,23.26652],[113.43282,23.26656],[113.43383,23.26623],[113.43514,23.26643],[113.43647,23.26632],[113.43884,23.26783],[113.4408,23.26744],[113.44187,23.26662],[113.44495,23.26489],[113.44628,23.2619],[113.44643,23.26172],[113.44698,23.26166],[113.4474,23.26133],[113.44772,23.26085],[113.44788,23.2599],[113.44903,23.25924],[113.44938,23.25866],[113.44868,23.25761],[113.44842,23.25743],[113.44759,23.25738],[113.44707,23.25693],[113.44727,23.2554],[113.44766,23.25421],[113.4483,23.25362],[113.4484,23.25184],[113.44825,23.25155],[113.44701,23.25162],[113.4441,23.2513],[113.44213,23.24912],[113.44329,23.24839],[113.44471,23.2481],[113.44564,23.24802],[113.44651,23.24832],[113.44712,23.24828],[113.44726,23.24792],[113.44672,23.24697],[113.4456,23.24686],[113.44411,23.24642],[113.44172,23.24632],[113.44059,23.24497],[113.44207,23.24372],[113.44279,23.24436],[113.44435,23.24473],[113.44496,23.24543],[113.44572,23.24591],[113.44634,23.24601],[113.44713,23.2465],[113.44787,23.24651],[113.44799,23.24663],[113.44948,23.2461],[113.45001,23.24433],[113.45026,23.24402],[113.45078,23.24413],[113.45174,23.24387],[113.45831,23.2451],[113.45973,23.24448],[113.46041,23.24435],[113.46252,23.24519],[113.46314,23.24511],[113.46328,23.24524],[113.46468,23.2449],[113.46509,23.24405],[113.46523,23.24334],[113.46543,23.24315],[113.46711,23.24302],[113.46808,23.24339],[113.46844,23.24338],[113.46927,23.24145],[113.46987,23.24099],[113.47056,23.24084],[113.47096,23.241],[113.47152,23.2416],[113.47163,23.24226],[113.47135,23.24253],[113.47069,23.24267],[113.47018,23.24299],[113.46994,23.2437],[113.46995,23.24434],[113.46956,23.24521],[113.47164,23.24533],[113.47494,23.24583],[113.47508,23.24554],[113.47487,23.24508],[113.47489,23.24441],[113.47501,23.24394],[113.47519,23.24383],[113.4777,23.24624],[113.47885,23.24618],[113.4803,23.24734],[113.47954,23.24807],[113.47871,23.24785],[113.47837,23.24792],[113.47796,23.24828],[113.47777,23.24886],[113.47835,23.24956],[113.47993,23.25071],[113.48099,23.25264],[113.48136,23.25271],[113.48266,23.25234],[113.48351,23.25255],[113.48489,23.25241],[113.48958,23.25303],[113.48989,23.25327],[113.49127,23.25304],[113.49212,23.25367],[113.49246,23.25445],[113.49275,23.25714],[113.49375,23.25921],[113.49429,23.25932],[113.49555,23.26026],[113.49564,23.26091],[113.49537,23.26197],[113.49565,23.26269],[113.49682,23.26325],[113.50093,23.26414],[113.50259,23.26545],[113.50435,23.26607],[113.50561,23.26622],[113.50609,23.26688],[113.50607,23.26766],[113.50644,23.26844],[113.50694,23.27061],[113.50692,23.27119],[113.50728,23.27181],[113.50722,23.27233],[113.50741,23.27275],[113.50902,23.27313],[113.51017,23.27394],[113.50987,23.27454],[113.50845,23.2747],[113.5082,23.27495],[113.50803,23.27586],[113.50763,23.27676],[113.50659,23.2771],[113.5065,23.27588],[113.50634,23.27551],[113.50593,23.27544],[113.50543,23.27507],[113.50523,23.27452],[113.50525,23.2732],[113.50619,23.27329],[113.5064,23.27301],[113.50619,23.27128],[113.50568,23.27106],[113.50412,23.27102],[113.50386,23.27187],[113.50381,23.27518],[113.50321,23.2767],[113.5032,23.27774],[113.50603,23.27921],[113.5057,23.2802],[113.50561,23.28149],[113.50467,23.28269],[113.50222,23.28325],[113.49592,23.28615],[113.49512,23.28667],[113.49524,23.28725],[113.49651,23.28832],[113.49832,23.29073],[113.50089,23.29657],[113.50336,23.29864],[113.50416,23.29956],[113.50933,23.30273],[113.50958,23.3033],[113.50985,23.30778],[113.50868,23.31301],[113.50645,23.317],[113.50502,23.31787],[113.50384,23.3189],[113.49775,23.32081],[113.49567,23.32216],[113.49331,23.32226],[113.49263,23.32147],[113.491,23.3208],[113.48884,23.32408],[113.48841,23.32583],[113.48739,23.32682],[113.48519,23.32685],[113.48112,23.3251],[113.47544,23.3253],[113.47497,23.32545],[113.47362,23.32634],[113.47298,23.32627],[113.47182,23.32651],[113.47054,23.32813],[113.47146,23.33377],[113.4713,23.33507],[113.47079,23.33626],[113.47006,23.33634],[113.46911,23.33579],[113.46775,23.33581],[113.46553,23.33675],[113.46327,23.33715],[113.46617,23.34104],[113.46709,23.34118],[113.46809,23.34176],[113.46948,23.3421],[113.46975,23.34231],[113.47008,23.34477],[113.47045,23.34541],[113.46946,23.34648],[113.46951,23.34887],[113.46895,23.35008],[113.46868,23.35115],[113.46956,23.35153],[113.47049,23.35134],[113.47092,23.35085],[113.47162,23.35064],[113.47387,23.35071],[113.4771,23.35558],[113.47496,23.35814],[113.47205,23.36223],[113.4686,23.36604],[113.46882,23.37023],[113.46857,23.37151],[113.46864,23.37179],[113.46786,23.37337],[113.4665,23.37463],[113.46616,23.37703],[113.46716,23.37781],[113.46728,23.37992],[113.46805,23.38227],[113.46851,23.38705],[113.46809,23.38931],[113.4668,23.38912],[113.46405,23.38784],[113.46317,23.38692],[113.46187,23.38655],[113.46,23.38685],[113.4602,23.39017],[113.46096,23.39175],[113.4624,23.39199],[113.46383,23.3917],[113.46599,23.3918],[113.46878,23.39301],[113.46893,23.3936],[113.46805,23.39455],[113.46751,23.39629],[113.46741,23.39843],[113.46774,23.40108],[113.46891,23.40212],[113.47007,23.40264],[113.47079,23.40262],[113.4715,23.40221],[113.4722,23.40153],[113.47248,23.40086],[113.47463,23.40004],[113.4786,23.40006],[113.48137,23.40148],[113.48177,23.402],[113.48217,23.40558],[113.48584,23.4062],[113.48615,23.40586],[113.48685,23.40594],[113.48782,23.40663],[113.4888,23.40691],[113.4897,23.40762],[113.48999,23.40818],[113.49015,23.40876],[113.4901,23.41009],[113.49067,23.41099],[113.49202,23.412],[113.49389,23.41168],[113.49689,23.41217],[113.50295,23.4101],[113.50645,23.40954],[113.51352,23.40802],[113.51507,23.40484],[113.51435,23.40058],[113.51421,23.39766],[113.51433,23.3953],[113.5156,23.39528],[113.51848,23.39468],[113.52012,23.39352],[113.52318,23.39007],[113.52401,23.38968],[113.52503,23.38948],[113.52955,23.38734],[113.53201,23.38579],[113.53448,23.38501],[113.53571,23.38499],[113.53892,23.38697],[113.53932,23.38349],[113.54297,23.3808],[113.54535,23.37748],[113.54657,23.37632],[113.54802,23.37554],[113.54985,23.37324],[113.55293,23.37093],[113.55374,23.36959],[113.55435,23.36787],[113.55788,23.36778],[113.56387,23.37103]]]]}},{"type":"Feature","properties":{"adcode":"440113","name":"番禺区","level":"district","center":[113.383917,22.93756],"site":"https://geojson.hxkj.vip"},"geometry":{"type":"MultiPolygon","coordinates":[[[[113.24974,22.97794],[113.24999,22.97892],[113.25161,22.98263],[113.25164,22.9838],[113.25102,22.9882],[113.25179,22.99021],[113.25322,22.99159],[113.25467,22.99261],[113.25661,22.99366],[113.2579,22.99486],[113.2579,22.99605],[113.25729,22.99712],[113.25669,22.99779],[113.25181,22.99846],[113.25032,22.99977],[113.24966,23.00204],[113.24946,23.0042],[113.25001,23.00904],[113.25181,23.01086],[113.25393,23.01216],[113.25447,23.01224],[113.25364,23.01383],[113.25309,23.01434],[113.25362,23.01483],[113.25307,23.01945],[113.25627,23.01974],[113.25644,23.01823],[113.26097,23.0175],[113.26144,23.01782],[113.26229,23.01996],[113.26313,23.02114],[113.26197,23.0218],[113.25941,23.0214],[113.25872,23.02206],[113.25696,23.03081],[113.25485,23.0385],[113.25486,23.0401],[113.25612,23.04391],[113.2578,23.04677],[113.26508,23.05057],[113.27339,23.0536],[113.28004,23.05512],[113.28128,23.05511],[113.28563,23.05453],[113.29413,23.05242],[113.30078,23.05148],[113.30827,23.05073],[113.31471,23.05073],[113.32013,23.05112],[113.32304,23.05151],[113.32782,23.0515],[113.33837,23.04786],[113.34643,23.0448],[113.3487,23.04422],[113.35243,23.04363],[113.35491,23.04402],[113.36051,23.04533],[113.36258,23.04609],[113.36466,23.04722],[113.36591,23.04836],[113.3678,23.05159],[113.3687,23.05281],[113.36887,23.05382],[113.36876,23.05479],[113.36918,23.05532],[113.3715,23.0571],[113.38017,23.06316],[113.38231,23.06608],[113.38369,23.06892],[113.39012,23.07429],[113.39814,23.0795],[113.39987,23.08022],[113.40248,23.07479],[113.40255,23.07402],[113.40236,23.07281],[113.40072,23.07005],[113.40022,23.06871],[113.40012,23.06784],[113.40115,23.06592],[113.40255,23.0648],[113.40702,23.06287],[113.40834,23.06288],[113.41172,23.06353],[113.4222,23.06362],[113.42901,23.06701],[113.43766,23.07172],[113.44425,23.07473],[113.44775,23.07585],[113.45145,23.0762],[113.45904,23.07596],[113.46294,23.07536],[113.46828,23.07379],[113.47095,23.07282],[113.47862,23.06922],[113.4935,23.06103],[113.49645,23.05961],[113.50295,23.05498],[113.50643,23.05191],[113.51491,23.0391],[113.5217,23.03021],[113.52154,23.02833],[113.52302,23.01133],[113.52619,22.99565],[113.52923,22.98261],[113.53365,22.97151],[113.53735,22.96509],[113.54179,22.95939],[113.54635,22.9462],[113.5505,22.93621],[113.56431,22.90693],[113.57054,22.8986],[113.57428,22.89194],[113.5751,22.88834],[113.57428,22.88113],[113.57261,22.87475],[113.57109,22.86588],[113.57101,22.85696],[113.56106,22.86192],[113.54852,22.86854],[113.52072,22.88277],[113.5103,22.88665],[113.50952,22.88555],[113.5026,22.88978],[113.49603,22.89244],[113.48558,22.89585],[113.4735,22.90179],[113.46508,22.905],[113.46217,22.90511],[113.4517,22.90616],[113.44743,22.90646],[113.43122,22.90654],[113.42356,22.90766],[113.42036,22.9084],[113.41822,22.90841],[113.41569,22.90761],[113.41121,22.90519],[113.40779,22.90313],[113.404,22.90179],[113.40108,22.90117],[113.39369,22.90111],[113.38454,22.90132],[113.38075,22.90105],[113.37051,22.89856],[113.36705,22.89703],[113.36192,22.89421],[113.36022,22.89358],[113.35802,22.89327],[113.34954,22.89058],[113.33919,22.88619],[113.3313,22.88494],[113.32311,22.88262],[113.31068,22.87863],[113.30543,22.87725],[113.30043,22.87706],[113.28222,22.89009],[113.27884,22.89157],[113.27703,22.8947],[113.27703,22.89752],[113.27741,22.90012],[113.27864,22.90108],[113.28244,22.90088],[113.28458,22.90109],[113.28596,22.90144],[113.28604,22.90344],[113.28456,22.90678],[113.28431,22.91079],[113.28507,22.91373],[113.28434,22.91949],[113.28361,22.92378],[113.2824,22.92739],[113.285,22.92941],[113.2865,22.93],[113.28759,22.92974],[113.2877,22.92885],[113.28866,22.92855],[113.28986,22.92967],[113.29018,22.93084],[113.2926,22.93152],[113.29248,22.93198],[113.2982,22.93403],[113.29549,22.94112],[113.29261,22.94539],[113.29089,22.94708],[113.2887,22.9499],[113.28721,22.951],[113.28514,22.95219],[113.28339,22.95269],[113.28163,22.95271],[113.27641,22.95427],[113.27459,22.95531],[113.27292,22.95748],[113.27182,22.95705],[113.27016,22.95687],[113.26828,22.95474],[113.26783,22.95449],[113.26705,22.95494],[113.26758,22.95881],[113.26706,22.95968],[113.26409,22.96211],[113.26079,22.96414],[113.25723,22.96574],[113.25189,22.97034],[113.24993,22.97329],[113.24949,22.9761],[113.24974,22.97794]]]]}},{"type":"Feature","properties":{"adcode":"440114","name":"花都区","level":"district","center":[113.220125,23.404326],"site":"https://geojson.hxkj.vip"},"geometry":{"type":"MultiPolygon","coordinates":[[[[113.08372,23.24195],[113.08419,23.23989],[113.08154,23.23734],[113.07812,23.23501],[113.07726,23.23351],[113.07528,23.23225],[113.07176,23.23178],[113.06767,23.23185],[113.0666,23.23225],[113.06572,23.23293],[113.06539,23.23365],[113.06761,23.23416],[113.06718,23.23506],[113.06884,23.23574],[113.06979,23.23389],[113.07049,23.23414],[113.07055,23.23439],[113.07248,23.23515],[113.072,23.23606],[113.0726,23.23645],[113.07262,23.23679],[113.07318,23.23711],[113.0733,23.23759],[113.077,23.23948],[113.07865,23.23998],[113.07859,23.24033],[113.07968,23.24045],[113.08134,23.24154],[113.08372,23.24195]]],[[[113.47298,23.42866],[113.47269,23.42841],[113.46965,23.42717],[113.46523,23.42488],[113.46247,23.42202],[113.46086,23.42073],[113.45892,23.42],[113.4569,23.41931],[113.45533,23.41903],[113.45289,23.41885],[113.44736,23.41877],[113.44593,23.41864],[113.44501,23.41831],[113.4446,23.41739],[113.44456,23.41642],[113.44557,23.41342],[113.44561,23.41217],[113.44446,23.40917],[113.44303,23.40788],[113.44146,23.40701],[113.44073,23.40627],[113.44027,23.40521],[113.43953,23.40466],[113.43796,23.40498],[113.43644,23.40572],[113.43547,23.40595],[113.4345,23.40582],[113.43243,23.4043],[113.4304,23.40222],[113.42897,23.4001],[113.42736,23.39968],[113.42607,23.39964],[113.42395,23.40052],[113.41966,23.40311],[113.41896,23.40329],[113.41809,23.40301],[113.41223,23.39771],[113.40969,23.39614],[113.40369,23.39309],[113.40207,23.3917],[113.40096,23.39115],[113.39925,23.39129],[113.39801,23.39193],[113.39709,23.39276],[113.39653,23.39387],[113.3962,23.39553],[113.3958,23.40029],[113.39662,23.41049],[113.39616,23.41183],[113.39534,23.41322],[113.39329,23.41388],[113.39181,23.4138],[113.3911,23.41346],[113.38737,23.41441],[113.38644,23.41789],[113.38445,23.41988],[113.38251,23.42087],[113.37811,23.41455],[113.37475,23.41272],[113.36767,23.41232],[113.36167,23.41271],[113.35957,23.41053],[113.35867,23.40841],[113.35824,23.40594],[113.3574,23.40441],[113.35636,23.40308],[113.35511,23.40194],[113.35386,23.40118],[113.35158,23.40062],[113.35033,23.40062],[113.34909,23.40082],[113.34515,23.40045],[113.34412,23.40007],[113.34245,23.39893],[113.33974,23.39589],[113.3389,23.39437],[113.33823,23.3889],[113.33782,23.3877],[113.33719,23.38713],[113.33574,23.38675],[113.3345,23.38714],[113.33388,23.38752],[113.33243,23.3879],[113.33119,23.38867],[113.3285,23.38982],[113.32332,23.39117],[113.32062,23.39099],[113.31896,23.39105],[113.31762,23.39437],[113.31158,23.3939],[113.30835,23.3842],[113.3062,23.38495],[113.3046,23.38415],[113.30356,23.38301],[113.30252,23.38226],[113.30147,23.38188],[113.30086,23.38207],[113.30024,23.38264],[113.29982,23.38322],[113.29942,23.38455],[113.2988,23.38494],[113.29839,23.3855],[113.29735,23.38589],[113.29652,23.3857],[113.29547,23.38475],[113.29442,23.38323],[113.29358,23.38113],[113.29254,23.37961],[113.29045,23.37808],[113.28837,23.37733],[113.28733,23.37713],[113.2867,23.37676],[113.28649,23.37577],[113.28755,23.37279],[113.28356,23.36895],[113.27831,23.36902],[113.27668,23.36706],[113.27353,23.3657],[113.27239,23.3609],[113.27211,23.36092],[113.27193,23.36001],[113.26714,23.3569],[113.26379,23.35631],[113.26335,23.35602],[113.26127,23.35622],[113.26086,23.35851],[113.26192,23.36118],[113.26255,23.36125],[113.26255,23.36189],[113.26231,23.36231],[113.2623,23.36312],[113.26046,23.36306],[113.25984,23.36233],[113.25795,23.35908],[113.25729,23.35729],[113.25749,23.35227],[113.25783,23.35168],[113.25776,23.35057],[113.25796,23.3503],[113.25825,23.35023],[113.26003,23.35018],[113.26021,23.34975],[113.26033,23.34624],[113.26049,23.34587],[113.26144,23.34516],[113.26099,23.34381],[113.26076,23.34368],[113.26024,23.34379],[113.25058,23.34321],[113.24764,23.34136],[113.23882,23.33969],[113.23828,23.33447],[113.23708,23.33168],[113.23462,23.33144],[113.23095,23.33223],[113.22551,23.33181],[113.22087,23.33118],[113.21743,23.33512],[113.21557,23.33598],[113.21412,23.33695],[113.2137,23.33742],[113.2142,23.34243],[113.21386,23.34613],[113.21524,23.35166],[113.2124,23.35689],[113.20573,23.35998],[113.2047,23.35902],[113.19554,23.35832],[113.19362,23.35957],[113.19183,23.35913],[113.18948,23.35761],[113.18792,23.35697],[113.18503,23.3564],[113.18315,23.35497],[113.18182,23.35525],[113.17918,23.35854],[113.17392,23.36039],[113.17346,23.36024],[113.17307,23.35987],[113.17265,23.3601],[113.17133,23.36004],[113.17098,23.35865],[113.16908,23.35711],[113.16797,23.35666],[113.16612,23.3563],[113.16564,23.35598],[113.16352,23.35267],[113.16178,23.34816],[113.15734,23.34276],[113.15363,23.33685],[113.15307,23.33301],[113.1553,23.32881],[113.15718,23.3244],[113.15769,23.32079],[113.15576,23.3143],[113.15529,23.31167],[113.15524,23.30752],[113.15544,23.30556],[113.1569,23.30266],[113.1555,23.30036],[113.15001,23.29914],[113.14621,23.30304],[113.14097,23.30378],[113.13474,23.30799],[113.12798,23.31455],[113.1247,23.30764],[113.11419,23.30667],[113.11227,23.30623],[113.10926,23.30608],[113.10575,23.30273],[113.10587,23.30173],[113.10842,23.30153],[113.10922,23.29942],[113.10984,23.29827],[113.11025,23.29655],[113.11024,23.29598],[113.10555,23.28974],[113.09784,23.29127],[113.09305,23.2911],[113.09055,23.28995],[113.08901,23.28658],[113.08617,23.28529],[113.0826,23.28626],[113.08149,23.28495],[113.07226,23.28428],[113.07164,23.28371],[113.07143,23.28313],[113.07143,23.28199],[113.07184,23.28161],[113.07266,23.28008],[113.07534,23.27626],[113.07615,23.27244],[113.07698,23.27014],[113.0782,23.26823],[113.07903,23.26748],[113.08068,23.26461],[113.0819,23.26174],[113.0821,23.26021],[113.08209,23.25869],[113.08165,23.25297],[113.08083,23.25087],[113.07977,23.25011],[113.07749,23.24954],[113.07624,23.24954],[113.07479,23.24916],[113.07231,23.24879],[113.07024,23.24879],[113.06318,23.25204],[113.06069,23.25166],[113.0584,23.25109],[113.05758,23.2511],[113.05351,23.25344],[113.05135,23.25205],[113.0501,23.25206],[113.04907,23.25167],[113.04699,23.25015],[113.04476,23.25096],[113.0449,23.25221],[113.0478,23.25529],[113.05074,23.2595],[113.05092,23.2633],[113.05272,23.26343],[113.05307,23.26824],[113.05205,23.26847],[113.05139,23.26946],[113.05187,23.27388],[113.05191,23.27643],[113.05143,23.27839],[113.04971,23.28053],[113.04827,23.28157],[113.04581,23.2815],[113.04255,23.28345],[113.03828,23.28762],[113.03646,23.28999],[113.03867,23.29063],[113.03856,23.29151],[113.03803,23.29283],[113.0366,23.29552],[113.03565,23.29699],[113.03501,23.29768],[113.03263,23.29767],[113.03249,23.30088],[113.03353,23.30648],[113.03454,23.31014],[113.03506,23.31306],[113.03607,23.31538],[113.03861,23.31625],[113.03848,23.31815],[113.03755,23.32007],[113.03598,23.32096],[113.0336,23.32157],[113.03122,23.32174],[113.03089,23.32131],[113.03093,23.32017],[113.03007,23.32],[113.02781,23.32119],[113.02489,23.32328],[113.02347,23.3249],[113.02505,23.32727],[113.02659,23.33146],[113.02757,23.3335],[113.02936,23.33583],[113.03162,23.33727],[113.03419,23.33959],[113.03582,23.34221],[113.03824,23.34453],[113.0434,23.35112],[113.0435,23.35185],[113.04248,23.35415],[113.04081,23.35606],[113.03791,23.3572],[113.0348,23.35739],[113.03354,23.35682],[113.03271,23.35625],[113.02853,23.35244],[113.02748,23.35166],[113.02638,23.34919],[113.02364,23.34643],[113.02076,23.34529],[113.01947,23.34413],[113.01831,23.34136],[113.01671,23.34093],[113.01529,23.34227],[113.01439,23.34535],[113.01346,23.34697],[113.01285,23.34874],[113.01258,23.35259],[113.01169,23.35358],[113.01023,23.35415],[113.00732,23.35244],[113.00648,23.35225],[113.00025,23.35511],[112.99942,23.35531],[112.99692,23.3555],[112.9938,23.35473],[112.99235,23.35454],[112.98985,23.35473],[112.98798,23.35588],[112.98653,23.35759],[112.98656,23.36389],[112.98677,23.3656],[112.98575,23.36904],[112.98315,23.37144],[112.98152,23.37145],[112.98043,23.37381],[112.98254,23.37525],[112.98478,23.37724],[112.984,23.37787],[112.98242,23.37877],[112.98066,23.38028],[112.98103,23.38142],[112.98216,23.38258],[112.98423,23.38329],[112.98584,23.38357],[112.98618,23.38512],[112.98619,23.38553],[112.98601,23.38587],[112.98347,23.38658],[112.9833,23.38679],[112.98352,23.38762],[112.98517,23.38972],[112.98834,23.39012],[112.98888,23.39055],[112.98895,23.39086],[112.98862,23.39244],[112.98824,23.39328],[112.98608,23.39582],[112.98569,23.39662],[112.98588,23.39794],[112.98682,23.39918],[112.98854,23.39974],[112.9897,23.40056],[112.99057,23.40265],[112.99094,23.4028],[112.99139,23.40274],[112.9926,23.40215],[112.99312,23.40208],[112.99374,23.40223],[112.99416,23.40271],[112.99459,23.40413],[112.99534,23.40502],[112.9959,23.40543],[112.9986,23.40531],[112.99922,23.40549],[113.00022,23.40526],[113.00109,23.40633],[113.00005,23.40745],[112.99815,23.40835],[112.99846,23.40984],[112.99744,23.41057],[112.99547,23.41103],[112.99397,23.41427],[112.99413,23.41526],[112.99397,23.41598],[112.9927,23.41741],[112.99089,23.41734],[112.98991,23.41809],[112.98929,23.41885],[112.98867,23.4198],[112.98784,23.42209],[112.98764,23.42343],[112.98702,23.42477],[112.9862,23.42763],[112.98559,23.42896],[112.98392,23.4301],[112.98269,23.43144],[112.9828,23.43446],[112.98869,23.44003],[112.98911,23.4433],[112.98786,23.44419],[112.98642,23.44435],[112.98513,23.44334],[112.97863,23.44158],[112.97775,23.43916],[112.97611,23.4361],[112.97417,23.43407],[112.97193,23.43366],[112.97018,23.43382],[112.96793,23.43238],[112.96631,23.43034],[112.96453,23.42846],[112.96339,23.42642],[112.9602,23.42601],[112.95911,23.42749],[112.95851,23.42969],[112.95855,23.43262],[112.95922,23.43539],[112.96038,23.43787],[112.9619,23.44445],[112.96368,23.4459],[112.96445,23.44594],[112.9656,23.44661],[112.96829,23.44585],[112.96957,23.44628],[112.97167,23.44816],[112.97298,23.45005],[112.97362,23.45251],[112.97467,23.45415],[112.97575,23.45908],[112.97512,23.46349],[112.97522,23.46361],[112.97711,23.4633],[112.97928,23.46515],[112.97981,23.46525],[112.98052,23.46492],[112.98447,23.46477],[112.98751,23.46382],[112.9913,23.46553],[112.99236,23.46673],[112.99283,23.46698],[112.99374,23.46676],[112.99539,23.46539],[112.9948,23.46448],[112.99529,23.46382],[112.99629,23.46329],[112.99657,23.46276],[112.99732,23.46277],[112.99756,23.46229],[112.99931,23.46276],[112.99988,23.46175],[113.00092,23.46208],[113.00135,23.46193],[113.00469,23.46204],[113.01178,23.46483],[113.01594,23.46058],[113.01677,23.46181],[113.01443,23.46448],[113.01413,23.46505],[113.01888,23.46576],[113.01926,23.46596],[113.01981,23.46764],[113.01803,23.4679],[113.01805,23.46906],[113.02636,23.47286],[113.02857,23.47028],[113.03765,23.47159],[113.03868,23.47446],[113.04295,23.47412],[113.04884,23.46998],[113.05072,23.47051],[113.0531,23.47089],[113.05289,23.47391],[113.05304,23.4747],[113.05399,23.47629],[113.05395,23.478],[113.05416,23.47868],[113.05564,23.4773],[113.0557,23.47705],[113.05605,23.47691],[113.05602,23.47653],[113.0566,23.47628],[113.05804,23.47437],[113.05961,23.47462],[113.06029,23.47522],[113.06067,23.47607],[113.06062,23.47675],[113.06115,23.47811],[113.061,23.47858],[113.06107,23.47907],[113.06236,23.48124],[113.06314,23.48198],[113.06383,23.48251],[113.06575,23.48323],[113.06653,23.4837],[113.06864,23.48413],[113.06917,23.48439],[113.07008,23.48445],[113.07089,23.48417],[113.07139,23.48422],[113.07208,23.48475],[113.07552,23.48424],[113.07767,23.48878],[113.08397,23.49425],[113.08908,23.49303],[113.09304,23.49693],[113.0976,23.49614],[113.09915,23.49529],[113.10134,23.49536],[113.10295,23.49755],[113.10741,23.49899],[113.10903,23.49797],[113.11545,23.50151],[113.11775,23.50469],[113.11503,23.50808],[113.11459,23.50981],[113.11534,23.51033],[113.11675,23.50834],[113.11928,23.50673],[113.12351,23.50849],[113.12868,23.51262],[113.1381,23.50918],[113.14729,23.5082],[113.14574,23.50634],[113.15354,23.50284],[113.1584,23.50507],[113.15915,23.50696],[113.1589,23.50846],[113.15909,23.50903],[113.16157,23.51],[113.16248,23.51016],[113.16526,23.50885],[113.16943,23.51307],[113.1711,23.51156],[113.17008,23.51668],[113.17232,23.52029],[113.17257,23.51929],[113.1721,23.51237],[113.17595,23.51321],[113.19206,23.51477],[113.1944,23.51688],[113.1944,23.51803],[113.1942,23.51917],[113.19112,23.52321],[113.19582,23.52635],[113.19723,23.53058],[113.198,23.53116],[113.19987,23.53192],[113.20061,23.53259],[113.20529,23.53709],[113.20614,23.53885],[113.21066,23.53717],[113.21268,23.54028],[113.21193,23.54392],[113.20628,23.54805],[113.20842,23.55088],[113.20995,23.55225],[113.21015,23.55302],[113.20933,23.55436],[113.20809,23.5557],[113.205,23.55858],[113.20375,23.55935],[113.20128,23.56127],[113.20078,23.56183],[113.20152,23.56637],[113.20244,23.56904],[113.20337,23.57251],[113.20224,23.57651],[113.20803,23.58068],[113.21011,23.582],[113.2122,23.58332],[113.21449,23.58426],[113.21574,23.58425],[113.21885,23.58385],[113.22031,23.58385],[113.22156,23.58403],[113.22303,23.58497],[113.22698,23.58574],[113.22728,23.59282],[113.22789,23.59442],[113.23051,23.59411],[113.23311,23.59326],[113.23541,23.59135],[113.23743,23.59051],[113.24063,23.5902],[113.24318,23.58665],[113.24441,23.58688],[113.2453,23.58826],[113.24583,23.58824],[113.2459,23.592],[113.24386,23.59651],[113.24453,23.59821],[113.24038,23.60624],[113.24296,23.60699],[113.24847,23.60159],[113.25354,23.60561],[113.25648,23.60731],[113.25773,23.60768],[113.26191,23.60767],[113.26336,23.60785],[113.26462,23.60824],[113.26693,23.60937],[113.2684,23.61069],[113.26924,23.61203],[113.27029,23.61316],[113.27238,23.61392],[113.27447,23.61429],[113.27657,23.616],[113.27824,23.61409],[113.27885,23.61142],[113.28008,23.60893],[113.28091,23.60836],[113.28134,23.60836],[113.28154,23.60856],[113.28155,23.6095],[113.28238,23.60931],[113.28521,23.60521],[113.28986,23.602],[113.29674,23.60221],[113.29758,23.60145],[113.29882,23.59935],[113.29944,23.59896],[113.30277,23.598],[113.30464,23.59781],[113.31195,23.59778],[113.31361,23.59759],[113.31485,23.59663],[113.3194,23.59185],[113.32148,23.59013],[113.32418,23.58936],[113.3275,23.58934],[113.3298,23.58953],[113.33042,23.58971],[113.33167,23.58972],[113.33333,23.58895],[113.34296,23.58163],[113.34034,23.57852],[113.32452,23.57675],[113.32056,23.57248],[113.32476,23.5681],[113.33154,23.56849],[113.33503,23.5674],[113.34289,23.56167],[113.34681,23.55936],[113.34806,23.55897],[113.34991,23.55782],[113.35032,23.55649],[113.3511,23.5502],[113.35233,23.54621],[113.35325,23.54064],[113.35532,23.53894],[113.35827,23.53941],[113.36011,23.54029],[113.36277,23.54064],[113.36364,23.54282],[113.3652,23.54382],[113.3669,23.54444],[113.3694,23.54377],[113.37237,23.54253],[113.37497,23.5429],[113.3786,23.54184],[113.3811,23.54142],[113.38312,23.53974],[113.38515,23.53837],[113.38618,23.53847],[113.3868,23.5394],[113.38724,23.54068],[113.38761,23.54252],[113.39464,23.5447],[113.39777,23.54349],[113.39984,23.54217],[113.40235,23.54213],[113.40865,23.54255],[113.41103,23.54465],[113.41505,23.5459],[113.41693,23.54665],[113.4204,23.54453],[113.42369,23.54299],[113.42533,23.5424],[113.42759,23.54182],[113.42862,23.54181],[113.42903,23.54161],[113.42944,23.54085],[113.42984,23.53933],[113.43104,23.53665],[113.43082,23.53513],[113.43123,23.53398],[113.43553,23.5288],[113.43795,23.52906],[113.43998,23.5296],[113.44161,23.52842],[113.44105,23.52528],[113.44026,23.52454],[113.44193,23.52385],[113.44318,23.52383],[113.44403,23.52446],[113.44599,23.5252],[113.44682,23.52506],[113.44694,23.52364],[113.4458,23.52237],[113.44438,23.52111],[113.44437,23.52033],[113.44366,23.51983],[113.44228,23.52063],[113.44037,23.52234],[113.43951,23.52158],[113.43814,23.52142],[113.43816,23.52096],[113.43986,23.51908],[113.44003,23.5176],[113.43939,23.51526],[113.44089,23.5135],[113.4439,23.51237],[113.44513,23.5117],[113.4459,23.5094],[113.44634,23.50711],[113.44474,23.50607],[113.44298,23.50421],[113.44157,23.50217],[113.43766,23.49792],[113.43671,23.49592],[113.43491,23.49367],[113.43656,23.48406],[113.43784,23.48269],[113.44052,23.48173],[113.44196,23.48152],[113.44525,23.48149],[113.44997,23.48119],[113.45262,23.48356],[113.45412,23.48308],[113.45889,23.48081],[113.46005,23.47832],[113.45995,23.47586],[113.46062,23.47163],[113.46321,23.4697],[113.46351,23.46935],[113.46372,23.46853],[113.46654,23.468],[113.46743,23.46683],[113.46654,23.46335],[113.46443,23.46124],[113.46342,23.45981],[113.45969,23.45642],[113.45761,23.45491],[113.45697,23.45413],[113.4548,23.45006],[113.45698,23.44755],[113.46203,23.44649],[113.46411,23.44568],[113.46716,23.44379],[113.46998,23.44091],[113.47182,23.43853],[113.47371,23.43712],[113.47516,23.43511],[113.47535,23.43416],[113.47597,23.43255],[113.47533,23.43111],[113.47454,23.43001],[113.47388,23.42942],[113.47298,23.42866]]]]}},{"type":"Feature","properties":{"adcode":"440115","name":"南沙区","level":"district","center":[113.525178,22.801435],"site":"https://geojson.hxkj.vip"},"geometry":{"type":"MultiPolygon","coordinates":[[[[113.36516,22.7726],[113.36351,22.77412],[113.36149,22.77702],[113.35985,22.78166],[113.35771,22.78703],[113.35701,22.79143],[113.35654,22.79297],[113.35788,22.79392],[113.36027,22.79296],[113.36337,22.79354],[113.36812,22.79529],[113.37185,22.79688],[113.37312,22.79527],[113.37468,22.79456],[113.37607,22.79599],[113.37916,22.79729],[113.37994,22.79743],[113.38183,22.79858],[113.38374,22.80064],[113.38615,22.80272],[113.38974,22.8063],[113.39066,22.80645],[113.39191,22.8073],[113.39325,22.80917],[113.39343,22.80985],[113.39087,22.81075],[113.3872,22.8126],[113.38525,22.81526],[113.38398,22.81648],[113.37949,22.81985],[113.37715,22.82138],[113.37557,22.82223],[113.37442,22.8226],[113.37338,22.82269],[113.37216,22.8225],[113.36912,22.82153],[113.36852,22.82147],[113.36684,22.82215],[113.36426,22.82349],[113.36254,22.82334],[113.35738,22.82225],[113.35416,22.82175],[113.35252,22.82166],[113.35256,22.81878],[113.35041,22.81808],[113.34902,22.81875],[113.34608,22.81881],[113.34536,22.81921],[113.34498,22.82021],[113.34392,22.82006],[113.34137,22.81928],[113.33935,22.81892],[113.33809,22.81838],[113.33596,22.81794],[113.33225,22.82169],[113.32937,22.82327],[113.31818,22.82626],[113.31441,22.8282],[113.3121,22.83039],[113.31079,22.83445],[113.30966,22.85119],[113.30562,22.85104],[113.3038,22.85207],[113.30356,22.85325],[113.30291,22.85411],[113.30102,22.85559],[113.29985,22.85905],[113.29681,22.85783],[113.29614,22.85991],[113.29742,22.86021],[113.29632,22.8625],[113.30133,22.86611],[113.29926,22.86997],[113.29811,22.8731],[113.30048,22.87408],[113.30131,22.87495],[113.30083,22.87677],[113.30043,22.87706],[113.30543,22.87725],[113.31068,22.87863],[113.32311,22.88262],[113.3313,22.88494],[113.33919,22.88619],[113.34954,22.89058],[113.35802,22.89327],[113.36022,22.89358],[113.36192,22.89421],[113.36705,22.89703],[113.37051,22.89856],[113.38075,22.90105],[113.38454,22.90132],[113.39369,22.90111],[113.40108,22.90117],[113.404,22.90179],[113.40779,22.90313],[113.41121,22.90519],[113.41569,22.90761],[113.41822,22.90841],[113.42036,22.9084],[113.42356,22.90766],[113.43122,22.90654],[113.44743,22.90646],[113.4517,22.90616],[113.46217,22.90511],[113.46508,22.905],[113.4735,22.90179],[113.48558,22.89585],[113.49603,22.89244],[113.5026,22.88978],[113.50952,22.88555],[113.5103,22.88665],[113.52072,22.88277],[113.54852,22.86854],[113.56106,22.86192],[113.57101,22.85696],[113.57122,22.85312],[113.57759,22.84119],[113.58403,22.83131],[113.59763,22.81743],[113.61208,22.80229],[113.62601,22.78676],[113.64813,22.76173],[113.68528,22.71772],[113.71686,22.6452],[113.73586,22.5559],[113.70762,22.54651],[113.69936,22.54464],[113.69149,22.54483],[113.68417,22.54661],[113.67104,22.55252],[113.65782,22.55702],[113.64994,22.55796],[113.63553,22.55467],[113.62078,22.57953],[113.61501,22.58529],[113.6098,22.58823],[113.59962,22.59439],[113.59466,22.5944],[113.58998,22.5952],[113.58742,22.59683],[113.58097,22.6021],[113.57855,22.60461],[113.57786,22.60391],[113.57472,22.60572],[113.57192,22.6028],[113.5674,22.60593],[113.56514,22.60348],[113.56163,22.60751],[113.55802,22.61373],[113.55564,22.61712],[113.55179,22.62377],[113.54475,22.63519],[113.54131,22.64033],[113.53688,22.64753],[113.53297,22.65498],[113.53278,22.65579],[113.53309,22.65637],[113.53441,22.65654],[113.53951,22.65794],[113.54072,22.66621],[113.52338,22.6793],[113.49191,22.69979],[113.48216,22.70715],[113.47131,22.71499],[113.46481,22.72096],[113.46797,22.72852],[113.44954,22.73509],[113.44778,22.73585],[113.44112,22.73722],[113.42614,22.73801],[113.41788,22.74041],[113.41219,22.74283],[113.40428,22.74725],[113.39107,22.75571],[113.38145,22.76156],[113.37297,22.76748],[113.36516,22.7726]]]]}},{"type":"Feature","properties":{"adcode":"440117","name":"从化区","level":"district","center":[113.586329,23.54915],"site":"https://geojson.hxkj.vip"},"geometry":{"type":"MultiPolygon","coordinates":[[[[113.37836,23.73153],[113.37928,23.73129],[113.38031,23.7307],[113.3828,23.72993],[113.38404,23.72973],[113.38656,23.72972],[113.39141,23.72917],[113.39635,23.72958],[113.39666,23.72904],[113.39797,23.72922],[113.39982,23.72525],[113.40018,23.72367],[113.41064,23.72097],[113.41222,23.72241],[113.41222,23.72295],[113.4128,23.72309],[113.41308,23.72228],[113.41411,23.72232],[113.42223,23.72453],[113.42475,23.72485],[113.4266,23.72449],[113.42854,23.72358],[113.43012,23.72318],[113.4326,23.72354],[113.43778,23.72615],[113.43891,23.72561],[113.44175,23.72629],[113.44269,23.72588],[113.44369,23.72516],[113.44387,23.72458],[113.44346,23.72367],[113.44197,23.72196],[113.44202,23.72124],[113.44251,23.72034],[113.4436,23.71989],[113.44423,23.71853],[113.44439,23.71738],[113.44386,23.71592],[113.44782,23.71484],[113.45477,23.70997],[113.45696,23.71025],[113.46429,23.70797],[113.46615,23.70532],[113.46431,23.70311],[113.46579,23.7003],[113.46962,23.69652],[113.46967,23.693],[113.46871,23.69099],[113.47715,23.68528],[113.48103,23.68404],[113.48359,23.6867],[113.48854,23.68484],[113.49081,23.685],[113.49193,23.68533],[113.49565,23.6823],[113.50169,23.6828],[113.50387,23.68382],[113.50696,23.68439],[113.5103,23.68246],[113.51369,23.68209],[113.51645,23.68311],[113.51792,23.6855],[113.52126,23.68631],[113.52234,23.6858],[113.52419,23.68541],[113.52708,23.68614],[113.53268,23.68951],[113.54034,23.69342],[113.54547,23.69639],[113.54331,23.69917],[113.53836,23.6991],[113.54291,23.70181],[113.54693,23.70253],[113.55261,23.70147],[113.55634,23.70133],[113.55876,23.70069],[113.56442,23.6955],[113.56352,23.69135],[113.56807,23.69021],[113.56923,23.68875],[113.56963,23.68742],[113.56962,23.68609],[113.56877,23.68457],[113.56705,23.68332],[113.56805,23.67944],[113.57283,23.68094],[113.57391,23.68072],[113.57761,23.67783],[113.57904,23.67705],[113.57946,23.67648],[113.58069,23.67571],[113.58729,23.67523],[113.58724,23.66901],[113.59467,23.66589],[113.59528,23.66569],[113.59577,23.66579],[113.59728,23.66494],[113.59733,23.66371],[113.59835,23.66267],[113.59899,23.66298],[113.59929,23.66387],[113.59939,23.66548],[113.60052,23.66636],[113.60216,23.66896],[113.60403,23.67055],[113.60549,23.67207],[113.60637,23.67326],[113.61441,23.67896],[113.61573,23.68021],[113.61248,23.68345],[113.61163,23.68619],[113.6123,23.6874],[113.61413,23.68758],[113.61457,23.68941],[113.62088,23.69196],[113.62382,23.69471],[113.62259,23.69944],[113.6251,23.7014],[113.6312,23.70277],[113.63632,23.7018],[113.63819,23.70457],[113.63357,23.70821],[113.63029,23.70894],[113.62812,23.71171],[113.62805,23.71641],[113.63038,23.71774],[113.63205,23.71833],[113.63202,23.72054],[113.63164,23.72264],[113.63165,23.72788],[113.63467,23.73062],[113.63659,23.73113],[113.63652,23.73197],[113.63424,23.73344],[113.63072,23.73896],[113.63397,23.74431],[113.63639,23.75024],[113.6316,23.753],[113.63097,23.7548],[113.62977,23.75938],[113.62815,23.76338],[113.62611,23.7674],[113.62219,23.77028],[113.61967,23.77128],[113.61614,23.77642],[113.61515,23.77981],[113.61896,23.78161],[113.62082,23.78393],[113.61847,23.78586],[113.61538,23.78538],[113.61546,23.78739],[113.61675,23.78792],[113.6203,23.78682],[113.62775,23.79246],[113.63371,23.79722],[113.63276,23.8006],[113.63433,23.8048],[113.63728,23.80626],[113.63763,23.80769],[113.63779,23.81139],[113.63876,23.81275],[113.64023,23.81426],[113.64419,23.8169],[113.64649,23.81802],[113.64732,23.81858],[113.65167,23.82013],[113.65363,23.81897],[113.65367,23.81677],[113.65816,23.8189],[113.65921,23.81752],[113.66243,23.81769],[113.66639,23.81369],[113.67021,23.81454],[113.67929,23.81377],[113.67991,23.81339],[113.68139,23.81202],[113.6843,23.81296],[113.68398,23.8175],[113.68737,23.82572],[113.68968,23.82561],[113.69355,23.82108],[113.69791,23.82071],[113.70061,23.81953],[113.70244,23.81616],[113.70638,23.81527],[113.71337,23.81964],[113.71576,23.82091],[113.71855,23.82076],[113.71994,23.82312],[113.7202,23.82513],[113.71686,23.8273],[113.7148,23.83499],[113.71721,23.83872],[113.71806,23.84391],[113.71354,23.85424],[113.70976,23.85628],[113.71005,23.85869],[113.7121,23.86111],[113.71353,23.8625],[113.71885,23.85889],[113.72035,23.86083],[113.72284,23.86041],[113.72551,23.85779],[113.72427,23.85387],[113.72476,23.85356],[113.72818,23.85524],[113.72782,23.85816],[113.72877,23.85831],[113.7313,23.85774],[113.73241,23.85587],[113.73367,23.85502],[113.73683,23.85527],[113.73977,23.85703],[113.7423,23.85916],[113.74405,23.85907],[113.74554,23.85831],[113.74906,23.85435],[113.75111,23.85502],[113.75516,23.85723],[113.75553,23.85763],[113.75817,23.85749],[113.76208,23.86369],[113.76277,23.86538],[113.76473,23.86696],[113.76706,23.87143],[113.77026,23.87341],[113.77172,23.87397],[113.77532,23.87793],[113.77798,23.88365],[113.78061,23.89154],[113.78087,23.89237],[113.78114,23.89629],[113.78244,23.89744],[113.78663,23.89907],[113.78761,23.90246],[113.7916,23.9039],[113.79503,23.9028],[113.79733,23.90258],[113.80025,23.90255],[113.80194,23.90324],[113.80376,23.9034],[113.80525,23.90253],[113.80732,23.90038],[113.80945,23.90061],[113.81079,23.9012],[113.81217,23.90223],[113.81356,23.9027],[113.81422,23.90345],[113.81474,23.90447],[113.81724,23.90613],[113.82124,23.90778],[113.82356,23.90852],[113.82757,23.91036],[113.82946,23.91166],[113.83329,23.91522],[113.8392,23.918],[113.84152,23.91872],[113.84866,23.91976],[113.85118,23.9203],[113.85328,23.92122],[113.85772,23.92382],[113.85984,23.92551],[113.86152,23.9272],[113.86237,23.92776],[113.8652,23.92895],[113.87361,23.92902],[113.87532,23.93047],[113.87983,23.93038],[113.88041,23.92867],[113.88083,23.92606],[113.88275,23.9251],[113.88386,23.92475],[113.88583,23.92366],[113.88748,23.92401],[113.88896,23.92605],[113.88921,23.92842],[113.89128,23.92984],[113.89186,23.93115],[113.89252,23.93167],[113.89485,23.92859],[113.89888,23.92844],[113.9007,23.92945],[113.90294,23.92936],[113.90431,23.92905],[113.90681,23.92665],[113.90779,23.92456],[113.91024,23.92357],[113.91456,23.92424],[113.91862,23.92595],[113.9212,23.92764],[113.92635,23.92883],[113.92909,23.92785],[113.93025,23.92797],[113.93353,23.92923],[113.93641,23.92873],[113.93594,23.92601],[113.93826,23.92523],[113.93881,23.92472],[113.93942,23.92358],[113.94116,23.92357],[113.94252,23.92521],[113.94683,23.92528],[113.9527,23.92966],[113.9594,23.93023],[113.96341,23.92819],[113.96499,23.92908],[113.96945,23.93256],[113.97115,23.93076],[113.96953,23.92854],[113.98212,23.92969],[113.98452,23.92617],[113.98809,23.92782],[113.99404,23.93027],[113.99732,23.92914],[114.00229,23.92951],[114.00569,23.93254],[114.00679,23.93198],[114.00757,23.93228],[114.00843,23.93299],[114.00921,23.93291],[114.00881,23.93172],[114.00999,23.92975],[114.0114,23.92935],[114.01257,23.92983],[114.01382,23.92849],[114.01498,23.92823],[114.0153,23.92696],[114.01632,23.9261],[114.01751,23.92579],[114.01797,23.92525],[114.01807,23.92365],[114.01856,23.92322],[114.01978,23.9248],[114.0222,23.92469],[114.0234,23.92388],[114.02487,23.92366],[114.02626,23.9229],[114.02818,23.92297],[114.02906,23.92253],[114.02918,23.92199],[114.03002,23.92113],[114.03155,23.92094],[114.03294,23.92039],[114.03298,23.9192],[114.03382,23.91888],[114.03367,23.917],[114.03305,23.91625],[114.03369,23.91534],[114.03366,23.9148],[114.03196,23.91222],[114.0313,23.91023],[114.03169,23.9087],[114.03134,23.90631],[114.03318,23.90374],[114.03621,23.90178],[114.03655,23.89786],[114.03676,23.8969],[114.03623,23.89605],[114.03638,23.89527],[114.03725,23.89476],[114.03825,23.89355],[114.03827,23.89203],[114.0394,23.89162],[114.04085,23.89049],[114.04187,23.88995],[114.04265,23.88987],[114.04337,23.88813],[114.0428,23.88721],[114.0428,23.88567],[114.04364,23.88483],[114.04368,23.88319],[114.04301,23.88168],[114.04374,23.88023],[114.04316,23.87933],[114.04262,23.87771],[114.041,23.87538],[114.04083,23.8735],[114.04184,23.8715],[114.04503,23.87078],[114.04603,23.86974],[114.04657,23.86858],[114.04771,23.86751],[114.04744,23.86582],[114.04798,23.86359],[114.04889,23.86174],[114.04867,23.86089],[114.04883,23.85866],[114.0499,23.85673],[114.05065,23.85672],[114.05111,23.85581],[114.0505,23.85473],[114.05109,23.85353],[114.05346,23.851],[114.0538,23.8504],[114.05491,23.85038],[114.05576,23.84957],[114.05602,23.84876],[114.05776,23.84676],[114.05688,23.84569],[114.05523,23.8456],[114.05474,23.84456],[114.0544,23.84061],[114.05269,23.83992],[114.05262,23.83746],[114.05202,23.83679],[114.05218,23.83627],[114.05192,23.83266],[114.05227,23.83002],[114.04803,23.82883],[114.04543,23.82684],[114.04032,23.82444],[114.03823,23.82157],[114.03699,23.81871],[114.03535,23.81335],[114.03761,23.80803],[114.04294,23.80699],[114.04775,23.80334],[114.04306,23.79997],[114.0372,23.79831],[114.03678,23.79563],[114.0372,23.79353],[114.04633,23.78759],[114.05385,23.78614],[114.05634,23.78404],[114.05996,23.77587],[114.05801,23.77661],[114.04761,23.77525],[114.04407,23.77428],[114.04095,23.77276],[114.03845,23.77122],[114.03596,23.76854],[114.03573,23.76528],[114.03117,23.76224],[114.02742,23.76012],[114.02595,23.75534],[114.0249,23.75257],[114.02312,23.75224],[114.02119,23.75609],[114.01893,23.75813],[114.01916,23.7605],[114.01821,23.76284],[114.01452,23.76237],[114.00995,23.76301],[114.01151,23.76982],[114.01574,23.77218],[114.01698,23.77471],[114.01772,23.77828],[114.01654,23.77841],[114.01313,23.77795],[114.01048,23.7762],[114.00936,23.77325],[114.00568,23.76925],[114.00356,23.76759],[114.00087,23.76455],[113.99879,23.76301],[113.99631,23.76202],[113.99234,23.76091],[113.98797,23.76054],[113.98631,23.76074],[113.98299,23.76055],[113.97903,23.75942],[113.97736,23.75866],[113.97611,23.75772],[113.97567,23.75677],[113.97565,23.75487],[113.97605,23.75391],[113.97624,23.75221],[113.9764,23.74726],[113.97554,23.74441],[113.97519,23.74369],[113.97414,23.74259],[113.97286,23.73925],[113.97045,23.73837],[113.96604,23.73973],[113.96104,23.7382],[113.95803,23.73454],[113.95588,23.7327],[113.95264,23.73365],[113.94906,23.73712],[113.94403,23.73773],[113.94237,23.73813],[113.94029,23.73814],[113.93987,23.73795],[113.93945,23.73739],[113.9388,23.73606],[113.93796,23.73549],[113.93761,23.73543],[113.9379,23.73318],[113.93641,23.73216],[113.93282,23.73269],[113.93235,23.73235],[113.92769,23.73102],[113.92419,23.7293],[113.92005,23.72945],[113.91912,23.72843],[113.9159,23.72164],[113.91236,23.71651],[113.90999,23.71575],[113.90403,23.71576],[113.90094,23.71543],[113.89878,23.71186],[113.89927,23.70745],[113.89758,23.70017],[113.89421,23.69645],[113.89131,23.69128],[113.88731,23.6881],[113.88185,23.68513],[113.87871,23.68402],[113.87578,23.68349],[113.868,23.68324],[113.86258,23.68108],[113.84941,23.67971],[113.84784,23.67933],[113.84453,23.67485],[113.85282,23.67032],[113.85276,23.66777],[113.84392,23.66948],[113.84373,23.6678],[113.84254,23.66441],[113.84202,23.66054],[113.83995,23.65545],[113.83411,23.65481],[113.82595,23.65604],[113.81878,23.65617],[113.81866,23.65402],[113.81969,23.65268],[113.82009,23.65115],[113.82154,23.64924],[113.82236,23.64885],[113.82777,23.64802],[113.82837,23.64649],[113.82837,23.64592],[113.82688,23.64404],[113.82557,23.63988],[113.82431,23.63857],[113.82347,23.63801],[113.82179,23.63746],[113.82054,23.63748],[113.81866,23.63712],[113.81783,23.63675],[113.81677,23.63581],[113.81635,23.63525],[113.81592,23.63412],[113.8159,23.63298],[113.81442,23.63072],[113.81377,23.62901],[113.81397,23.62863],[113.81563,23.62785],[113.81642,23.6248],[113.81744,23.62346],[113.81847,23.62307],[113.8193,23.62306],[113.81992,23.62325],[113.8216,23.62436],[113.82349,23.62472],[113.83222,23.62424],[113.83344,23.62309],[113.83365,23.62271],[113.83341,23.6212],[113.83255,23.61988],[113.82984,23.6182],[113.82836,23.61689],[113.82292,23.61571],[113.82025,23.61447],[113.8188,23.61226],[113.81561,23.61259],[113.80512,23.61074],[113.80284,23.61021],[113.79854,23.61322],[113.79757,23.61418],[113.79615,23.61389],[113.79388,23.61243],[113.79117,23.61154],[113.78794,23.61269],[113.78524,23.61301],[113.77966,23.61401],[113.77361,23.61389],[113.77131,23.6122],[113.76525,23.60904],[113.75626,23.60607],[113.75041,23.60233],[113.74949,23.60121],[113.75001,23.59865],[113.74982,23.59509],[113.74936,23.5928],[113.74637,23.5893],[113.74528,23.58522],[113.74417,23.58336],[113.74247,23.57957],[113.74202,23.57634],[113.74096,23.57426],[113.73949,23.57294],[113.73408,23.57146],[113.73149,23.56988],[113.73125,23.56555],[113.73203,23.55987],[113.7333,23.55777],[113.73326,23.55377],[113.73367,23.55263],[113.73489,23.55052],[113.73481,23.54329],[113.73397,23.54273],[113.73294,23.54255],[113.73106,23.54256],[113.72671,23.54354],[113.72525,23.54279],[113.72441,23.54166],[113.72186,23.53711],[113.71974,23.53275],[113.71869,23.53105],[113.71743,23.52972],[113.71637,23.52821],[113.71468,23.52537],[113.71446,23.52413],[113.71688,23.52125],[113.71935,23.5179],[113.7186,23.51663],[113.71374,23.51453],[113.71269,23.51396],[113.71188,23.51322],[113.70893,23.51173],[113.70639,23.50973],[113.70554,23.50667],[113.70231,23.50385],[113.69739,23.50151],[113.69699,23.5017],[113.69409,23.50171],[113.69366,23.50116],[113.69366,23.50077],[113.69261,23.49926],[113.6905,23.49679],[113.68946,23.49604],[113.68883,23.49585],[113.68738,23.49605],[113.68467,23.49436],[113.68386,23.49321],[113.68478,23.49076],[113.68087,23.48615],[113.67747,23.48557],[113.67504,23.48592],[113.67459,23.48337],[113.67418,23.48243],[113.67374,23.48072],[113.67351,23.47692],[113.67306,23.47406],[113.672,23.47255],[113.66657,23.46896],[113.66593,23.46744],[113.66544,23.46669],[113.66237,23.46318],[113.65944,23.46333],[113.65457,23.46208],[113.65199,23.46277],[113.65054,23.46335],[113.64702,23.46374],[113.64391,23.46339],[113.64078,23.46151],[113.63932,23.46036],[113.63806,23.45904],[113.63538,23.45558],[113.63414,23.45423],[113.62965,23.45163],[113.62899,23.45146],[113.62451,23.45116],[113.62317,23.45012],[113.62309,23.44682],[113.62185,23.44477],[113.61707,23.44254],[113.61696,23.44075],[113.61366,23.43774],[113.609,23.43403],[113.60502,23.43492],[113.60347,23.43452],[113.60284,23.43395],[113.60179,23.43187],[113.60032,23.42959],[113.59739,23.42562],[113.59572,23.42391],[113.59364,23.4224],[113.59032,23.42091],[113.58824,23.41959],[113.58741,23.41903],[113.58657,23.41789],[113.58636,23.41751],[113.58568,23.41161],[113.58528,23.41105],[113.58403,23.4103],[113.58007,23.40652],[113.57694,23.40254],[113.57546,23.39951],[113.57504,23.39799],[113.57502,23.39589],[113.57543,23.39474],[113.57584,23.39436],[113.57685,23.39206],[113.57725,23.39016],[113.57682,23.3894],[113.57624,23.38886],[113.57125,23.39071],[113.56814,23.39036],[113.56748,23.38715],[113.56583,23.38286],[113.56615,23.37899],[113.56544,23.37656],[113.56555,23.37482],[113.56513,23.3735],[113.56387,23.37103],[113.55788,23.36778],[113.55435,23.36787],[113.55374,23.36959],[113.55293,23.37093],[113.54985,23.37324],[113.54802,23.37554],[113.54657,23.37632],[113.54535,23.37748],[113.54297,23.3808],[113.53932,23.38349],[113.53892,23.38697],[113.53571,23.38499],[113.53448,23.38501],[113.53201,23.38579],[113.52955,23.38734],[113.52503,23.38948],[113.52401,23.38968],[113.52318,23.39007],[113.52012,23.39352],[113.51848,23.39468],[113.5156,23.39528],[113.51433,23.3953],[113.51421,23.39766],[113.51435,23.40058],[113.51507,23.40484],[113.51352,23.40802],[113.50645,23.40954],[113.50295,23.4101],[113.49828,23.41161],[113.49654,23.41446],[113.49237,23.41855],[113.49146,23.42009],[113.48683,23.42209],[113.48358,23.42381],[113.48033,23.42468],[113.4777,23.42625],[113.47469,23.42652],[113.47298,23.42866],[113.47454,23.43001],[113.47533,23.43111],[113.47597,23.43255],[113.47535,23.43416],[113.47516,23.43511],[113.47371,23.43712],[113.47182,23.43853],[113.46998,23.44091],[113.46716,23.44379],[113.46411,23.44568],[113.46203,23.44649],[113.45698,23.44755],[113.4548,23.45006],[113.45697,23.45413],[113.45761,23.45491],[113.45969,23.45642],[113.46342,23.45981],[113.46443,23.46124],[113.46654,23.46335],[113.46743,23.46683],[113.46654,23.468],[113.46372,23.46853],[113.46351,23.46935],[113.46321,23.4697],[113.46062,23.47163],[113.45995,23.47586],[113.46005,23.47832],[113.45889,23.48081],[113.45412,23.48308],[113.45262,23.48356],[113.44997,23.48119],[113.44525,23.48149],[113.44196,23.48152],[113.44052,23.48173],[113.43784,23.48269],[113.43656,23.48406],[113.43491,23.49367],[113.43671,23.49592],[113.43766,23.49792],[113.44157,23.50217],[113.44298,23.50421],[113.44474,23.50607],[113.44634,23.50711],[113.4459,23.5094],[113.44513,23.5117],[113.4439,23.51237],[113.44089,23.5135],[113.43939,23.51526],[113.44003,23.5176],[113.43986,23.51908],[113.43816,23.52096],[113.43814,23.52142],[113.43951,23.52158],[113.44037,23.52234],[113.44228,23.52063],[113.44366,23.51983],[113.44437,23.52033],[113.44438,23.52111],[113.4458,23.52237],[113.44694,23.52364],[113.44682,23.52506],[113.44599,23.5252],[113.44403,23.52446],[113.44318,23.52383],[113.44193,23.52385],[113.44026,23.52454],[113.44105,23.52528],[113.44161,23.52842],[113.43998,23.5296],[113.43795,23.52906],[113.43553,23.5288],[113.43123,23.53398],[113.43082,23.53513],[113.43104,23.53665],[113.42984,23.53933],[113.42944,23.54085],[113.42903,23.54161],[113.42862,23.54181],[113.42759,23.54182],[113.42533,23.5424],[113.42369,23.54299],[113.4204,23.54453],[113.41693,23.54665],[113.41505,23.5459],[113.41103,23.54465],[113.40865,23.54255],[113.40235,23.54213],[113.39984,23.54217],[113.39777,23.54349],[113.39464,23.5447],[113.38761,23.54252],[113.38724,23.54068],[113.3868,23.5394],[113.38618,23.53847],[113.38515,23.53837],[113.38312,23.53974],[113.3811,23.54142],[113.3786,23.54184],[113.37497,23.5429],[113.37237,23.54253],[113.3694,23.54377],[113.3669,23.54444],[113.3652,23.54382],[113.36364,23.54282],[113.36277,23.54064],[113.36011,23.54029],[113.35827,23.53941],[113.35532,23.53894],[113.35325,23.54064],[113.35233,23.54621],[113.3511,23.5502],[113.35032,23.55649],[113.34991,23.55782],[113.34806,23.55897],[113.34681,23.55936],[113.34289,23.56167],[113.33503,23.5674],[113.33154,23.56849],[113.32476,23.5681],[113.32056,23.57248],[113.32452,23.57675],[113.34034,23.57852],[113.34296,23.58163],[113.33333,23.58895],[113.33167,23.58972],[113.33042,23.58971],[113.3298,23.58953],[113.3275,23.58934],[113.32418,23.58936],[113.32148,23.59013],[113.3194,23.59185],[113.31485,23.59663],[113.31361,23.59759],[113.31195,23.59778],[113.30464,23.59781],[113.30277,23.598],[113.29944,23.59896],[113.29882,23.59935],[113.29758,23.60145],[113.29674,23.60221],[113.28986,23.602],[113.28521,23.60521],[113.28238,23.60931],[113.28155,23.6095],[113.28197,23.61122],[113.28282,23.61217],[113.28868,23.61577],[113.29057,23.6171],[113.29226,23.61919],[113.29373,23.62185],[113.29437,23.62433],[113.29524,23.62947],[113.29609,23.63214],[113.29651,23.6329],[113.29925,23.63632],[113.29946,23.63689],[113.29946,23.63746],[113.298,23.63823],[113.29425,23.63919],[113.29258,23.63977],[113.28883,23.6415],[113.28822,23.64265],[113.28822,23.64341],[113.28842,23.64379],[113.28927,23.64436],[113.29011,23.64455],[113.29846,23.64548],[113.3014,23.64604],[113.30286,23.64603],[113.3089,23.64391],[113.31099,23.64333],[113.31245,23.64314],[113.31536,23.64313],[113.31767,23.64388],[113.32205,23.64368],[113.3237,23.64329],[113.32496,23.64347],[113.32622,23.64386],[113.32726,23.64442],[113.32831,23.64537],[113.32874,23.64708],[113.32875,23.64937],[113.32814,23.6509],[113.32754,23.65414],[113.32796,23.65548],[113.32942,23.65585],[113.33275,23.65584],[113.33485,23.6564],[113.33568,23.65716],[113.33652,23.65811],[113.33781,23.66268],[113.33781,23.6644],[113.33803,23.66496],[113.33845,23.66572],[113.33992,23.66667],[113.34242,23.66705],[113.34741,23.66722],[113.34824,23.6674],[113.34908,23.66797],[113.3497,23.66911],[113.35035,23.67178],[113.35057,23.67349],[113.35059,23.6754],[113.35185,23.67729],[113.355,23.6811],[113.35503,23.68529],[113.35524,23.68586],[113.35524,23.68643],[113.36072,23.69632],[113.36202,23.70241],[113.36308,23.70584],[113.36372,23.70716],[113.3656,23.70963],[113.36633,23.71029],[113.36937,23.70909],[113.37238,23.70974],[113.37539,23.71282],[113.37583,23.71606],[113.37328,23.72286],[113.37508,23.7231],[113.37683,23.72636],[113.37701,23.72973],[113.37836,23.73153]]]]}},{"type":"Feature","properties":{"adcode":"440118","name":"增城区","level":"district","center":[113.810734,23.261452],"site":"https://geojson.hxkj.vip"},"geometry":{"type":"MultiPolygon","coordinates":[[[[113.57033,23.0842],[113.56977,23.08728],[113.56956,23.08957],[113.56722,23.09259],[113.5648,23.09313],[113.56459,23.09551],[113.56417,23.09741],[113.56306,23.09732],[113.56222,23.09707],[113.56071,23.09771],[113.55861,23.09812],[113.55593,23.1002],[113.55458,23.10239],[113.55256,23.10435],[113.55254,23.10491],[113.55315,23.10613],[113.55296,23.10704],[113.55165,23.10784],[113.55018,23.1077],[113.55037,23.10941],[113.54958,23.11005],[113.54958,23.11102],[113.55,23.11229],[113.55152,23.11294],[113.55241,23.11291],[113.55251,23.11316],[113.55235,23.11315],[113.55234,23.11331],[113.55256,23.11358],[113.55367,23.11348],[113.55373,23.11312],[113.55298,23.11303],[113.55293,23.11258],[113.55309,23.11258],[113.55318,23.1122],[113.55333,23.11223],[113.55346,23.11181],[113.55381,23.11154],[113.554,23.11155],[113.55391,23.11214],[113.55478,23.11228],[113.55483,23.11197],[113.55497,23.112],[113.55511,23.11238],[113.55536,23.11252],[113.5553,23.11427],[113.55451,23.11397],[113.55406,23.11436],[113.55346,23.11425],[113.55319,23.11524],[113.55364,23.11587],[113.55426,23.11545],[113.55474,23.11601],[113.55722,23.11733],[113.55717,23.11785],[113.55798,23.11839],[113.55791,23.11858],[113.55846,23.11881],[113.55857,23.12144],[113.55822,23.12225],[113.55836,23.12272],[113.55819,23.12301],[113.55656,23.12421],[113.55766,23.12884],[113.55749,23.12911],[113.55622,23.12981],[113.55603,23.13032],[113.55632,23.13113],[113.55626,23.13179],[113.55588,23.13206],[113.55541,23.13212],[113.55484,23.13153],[113.55431,23.1317],[113.55478,23.13268],[113.5552,23.13316],[113.55533,23.13363],[113.55484,23.13424],[113.55412,23.1342],[113.55314,23.13533],[113.55094,23.13536],[113.54996,23.13554],[113.54996,23.13601],[113.55047,23.137],[113.55041,23.13751],[113.54988,23.13783],[113.54988,23.13842],[113.55085,23.14038],[113.55249,23.14276],[113.55411,23.14553],[113.555,23.14737],[113.55501,23.14797],[113.55465,23.14954],[113.55092,23.15998],[113.54834,23.16395],[113.54788,23.16499],[113.54783,23.1664],[113.54812,23.16753],[113.54906,23.16946],[113.55086,23.17214],[113.55815,23.17257],[113.56028,23.17192],[113.56507,23.1718],[113.5672,23.17117],[113.56828,23.16956],[113.57008,23.1687],[113.57104,23.16934],[113.57187,23.1694],[113.57229,23.16969],[113.57292,23.17037],[113.57329,23.17171],[113.57366,23.17195],[113.57471,23.17218],[113.57497,23.17263],[113.57502,23.17361],[113.57547,23.17394],[113.57818,23.17509],[113.57925,23.1762],[113.57744,23.17764],[113.57802,23.17887],[113.57909,23.18051],[113.58085,23.18249],[113.57806,23.18548],[113.58048,23.18824],[113.57814,23.19021],[113.57844,23.1906],[113.57695,23.19255],[113.57703,23.19312],[113.57484,23.19438],[113.57471,23.19598],[113.57794,23.19712],[113.5784,23.19741],[113.57821,23.19781],[113.58199,23.19955],[113.5803,23.20458],[113.58328,23.2035],[113.58452,23.20768],[113.58784,23.20976],[113.59056,23.21217],[113.5895,23.21308],[113.59056,23.21422],[113.59009,23.21507],[113.59191,23.2173],[113.59204,23.21769],[113.58701,23.22272],[113.58407,23.22385],[113.58361,23.22447],[113.58197,23.22508],[113.58137,23.2255],[113.58089,23.22783],[113.57889,23.22963],[113.57889,23.23082],[113.57674,23.23164],[113.57802,23.23243],[113.57939,23.23383],[113.5798,23.23393],[113.58042,23.23479],[113.58079,23.23489],[113.5819,23.23462],[113.58237,23.23412],[113.58315,23.23422],[113.58396,23.23464],[113.58419,23.23418],[113.58473,23.23391],[113.58595,23.23401],[113.58636,23.23432],[113.58733,23.23397],[113.5878,23.23401],[113.58836,23.23442],[113.58879,23.2345],[113.59029,23.23529],[113.59162,23.23544],[113.59223,23.23501],[113.59279,23.23558],[113.59347,23.2372],[113.59435,23.23794],[113.59644,23.2386],[113.59874,23.23886],[113.60168,23.24041],[113.60274,23.2416],[113.60324,23.24273],[113.60293,23.24329],[113.59856,23.24428],[113.59749,23.24485],[113.59999,23.24566],[113.60017,23.24596],[113.60018,23.24758],[113.60055,23.24821],[113.6023,23.24958],[113.60286,23.25089],[113.60169,23.25159],[113.59918,23.25033],[113.59656,23.25102],[113.59662,23.25214],[113.59693,23.25327],[113.60012,23.25251],[113.60062,23.2527],[113.60115,23.25567],[113.60052,23.25692],[113.60027,23.25972],[113.59982,23.26011],[113.59807,23.26362],[113.59712,23.2645],[113.59712,23.26543],[113.59819,23.26725],[113.59968,23.2683],[113.60211,23.26868],[113.60267,23.26893],[113.60293,23.26993],[113.60292,23.27136],[113.60181,23.27372],[113.60183,23.27638],[113.60146,23.27838],[113.60122,23.2816],[113.60093,23.28222],[113.60039,23.28269],[113.59978,23.28295],[113.59799,23.28275],[113.59774,23.28424],[113.59916,23.28459],[113.59874,23.28613],[113.59754,23.28587],[113.59682,23.28594],[113.59619,23.28806],[113.59548,23.28877],[113.59491,23.28908],[113.59195,23.28824],[113.59092,23.28666],[113.58992,23.28632],[113.58883,23.28652],[113.58865,23.28602],[113.58814,23.28632],[113.58817,23.2873],[113.58793,23.28866],[113.5881,23.28899],[113.58802,23.29001],[113.58845,23.29064],[113.58853,23.29144],[113.58908,23.2926],[113.59418,23.29153],[113.59502,23.29111],[113.59562,23.29127],[113.59643,23.29187],[113.59696,23.29238],[113.59725,23.29308],[113.59711,23.29402],[113.59725,23.29697],[113.59681,23.2973],[113.59637,23.29749],[113.59547,23.2972],[113.59493,23.29557],[113.59365,23.29519],[113.5928,23.29577],[113.59267,23.29653],[113.59339,23.2997],[113.59212,23.30181],[113.59248,23.30321],[113.59407,23.30538],[113.59224,23.31096],[113.59178,23.31175],[113.5919,23.31259],[113.59089,23.31584],[113.59193,23.31593],[113.59511,23.31459],[113.59719,23.31402],[113.59851,23.31286],[113.59879,23.31007],[113.59891,23.3098],[113.59969,23.30932],[113.5998,23.30905],[113.59895,23.30806],[113.5984,23.30689],[113.59842,23.30568],[113.59875,23.30526],[113.599,23.30527],[113.60015,23.30613],[113.60084,23.30638],[113.60362,23.30677],[113.60481,23.30798],[113.60579,23.30815],[113.60768,23.30939],[113.60752,23.31252],[113.60658,23.31332],[113.60615,23.31347],[113.60529,23.31311],[113.6031,23.3132],[113.60103,23.3143],[113.59954,23.31449],[113.59525,23.31781],[113.59353,23.31819],[113.59262,23.31951],[113.59089,23.31957],[113.59052,23.31988],[113.5896,23.32422],[113.58882,23.326],[113.58877,23.32666],[113.5893,23.32807],[113.58944,23.32905],[113.58891,23.33124],[113.58867,23.33134],[113.58806,23.33074],[113.58769,23.33058],[113.58717,23.33069],[113.58662,23.33213],[113.58448,23.33506],[113.58401,23.33656],[113.58511,23.33854],[113.58542,23.33884],[113.58702,23.33973],[113.5876,23.34047],[113.58998,23.34246],[113.59085,23.34277],[113.59138,23.34331],[113.59146,23.3436],[113.58998,23.34494],[113.58912,23.34493],[113.58838,23.34538],[113.58909,23.34754],[113.58749,23.34991],[113.58675,23.35023],[113.58475,23.35179],[113.58178,23.35507],[113.57728,23.35721],[113.57382,23.35958],[113.57354,23.36055],[113.57367,23.36355],[113.57028,23.36731],[113.56835,23.36782],[113.56522,23.36923],[113.56475,23.36959],[113.56387,23.37103],[113.56513,23.3735],[113.56555,23.37482],[113.56544,23.37656],[113.56615,23.37899],[113.56583,23.38286],[113.56748,23.38715],[113.56814,23.39036],[113.57125,23.39071],[113.57624,23.38886],[113.57682,23.3894],[113.57725,23.39016],[113.57685,23.39206],[113.57584,23.39436],[113.57543,23.39474],[113.57502,23.39589],[113.57502,23.39646],[113.57504,23.39799],[113.57546,23.39951],[113.57694,23.40254],[113.58007,23.40652],[113.58403,23.4103],[113.58528,23.41105],[113.58568,23.41161],[113.58636,23.41751],[113.58741,23.41903],[113.59032,23.42091],[113.59364,23.4224],[113.59572,23.42391],[113.59739,23.42562],[113.60032,23.42959],[113.60179,23.43187],[113.60284,23.43395],[113.60347,23.43452],[113.60502,23.43492],[113.609,23.43403],[113.61366,23.43774],[113.61696,23.44075],[113.61707,23.44254],[113.62185,23.44477],[113.62309,23.44682],[113.62317,23.45012],[113.62451,23.45116],[113.62899,23.45146],[113.62965,23.45163],[113.63414,23.45423],[113.63538,23.45558],[113.63806,23.45904],[113.63932,23.46036],[113.64078,23.46151],[113.64391,23.46339],[113.64702,23.46374],[113.65054,23.46335],[113.65199,23.46277],[113.65457,23.46208],[113.65944,23.46333],[113.66237,23.46318],[113.66544,23.46669],[113.66593,23.46744],[113.66657,23.46896],[113.672,23.47255],[113.67306,23.47406],[113.67351,23.47692],[113.67374,23.48072],[113.67418,23.48243],[113.67459,23.48337],[113.67504,23.48592],[113.67747,23.48557],[113.68087,23.48615],[113.68478,23.49076],[113.68386,23.49321],[113.68467,23.49436],[113.68738,23.49605],[113.68883,23.49585],[113.68946,23.49604],[113.6905,23.49679],[113.69261,23.49926],[113.69366,23.50077],[113.69366,23.50116],[113.69409,23.50171],[113.69699,23.5017],[113.69739,23.50151],[113.70231,23.50385],[113.70554,23.50667],[113.70639,23.50973],[113.70893,23.51173],[113.71188,23.51322],[113.71269,23.51396],[113.71374,23.51453],[113.7186,23.51663],[113.71935,23.5179],[113.71688,23.52125],[113.71446,23.52413],[113.71468,23.52537],[113.71637,23.52821],[113.71743,23.52972],[113.71869,23.53105],[113.71974,23.53275],[113.72186,23.53711],[113.72441,23.54166],[113.72525,23.54279],[113.72671,23.54354],[113.73106,23.54256],[113.73294,23.54255],[113.73397,23.54273],[113.73481,23.54329],[113.73489,23.55052],[113.73367,23.55263],[113.73326,23.55377],[113.7333,23.55777],[113.73203,23.55987],[113.73125,23.56555],[113.73149,23.56988],[113.73408,23.57146],[113.73949,23.57294],[113.74096,23.57426],[113.74202,23.57634],[113.74247,23.57957],[113.74417,23.58336],[113.74528,23.58522],[113.74637,23.5893],[113.74936,23.5928],[113.74982,23.59509],[113.75001,23.59865],[113.74949,23.60121],[113.75041,23.60233],[113.75626,23.60607],[113.76525,23.60904],[113.77131,23.6122],[113.77361,23.61389],[113.77966,23.61401],[113.78524,23.61301],[113.78794,23.61269],[113.79117,23.61154],[113.79388,23.61243],[113.79615,23.61389],[113.79757,23.61418],[113.79854,23.61322],[113.80284,23.61021],[113.80512,23.61074],[113.81561,23.61259],[113.8188,23.61226],[113.82025,23.61447],[113.82292,23.61571],[113.82836,23.61689],[113.82984,23.6182],[113.83255,23.61988],[113.83296,23.61893],[113.83418,23.61759],[113.83584,23.61701],[113.83813,23.61698],[113.84146,23.61751],[113.8425,23.61789],[113.84354,23.61788],[113.84602,23.61691],[113.85529,23.61209],[113.85694,23.61151],[113.85838,23.61073],[113.85962,23.60997],[113.86042,23.60844],[113.8604,23.60674],[113.86181,23.60389],[113.86093,23.60086],[113.85922,23.59784],[113.85879,23.59633],[113.85833,23.5935],[113.85873,23.59216],[113.86015,23.59026],[113.86118,23.58949],[113.86241,23.58891],[113.86344,23.58795],[113.86385,23.58776],[113.86405,23.58738],[113.863,23.58625],[113.86153,23.5855],[113.85902,23.58382],[113.85797,23.58307],[113.85712,23.58212],[113.85607,23.58062],[113.85413,23.57608],[113.85328,23.57456],[113.85264,23.5721],[113.85262,23.57134],[113.85282,23.57058],[113.85405,23.56962],[113.85757,23.56902],[113.86026,23.56785],[113.86253,23.56632],[113.86314,23.56536],[113.86434,23.56212],[113.86453,23.55964],[113.86513,23.55831],[113.86657,23.55715],[113.86739,23.556],[113.86759,23.55543],[113.868,23.55504],[113.86798,23.55314],[113.86776,23.5522],[113.86815,23.55028],[113.86937,23.54723],[113.86934,23.54551],[113.86975,23.54399],[113.87014,23.54303],[113.87138,23.54131],[113.87488,23.53899],[113.87633,23.53841],[113.87922,23.53762],[113.88379,23.53701],[113.8869,23.53584],[113.88814,23.53507],[113.88957,23.53335],[113.88998,23.53201],[113.88911,23.52877],[113.88909,23.52763],[113.88948,23.52552],[113.88988,23.52456],[113.8905,23.52361],[113.89132,23.52284],[113.89234,23.52111],[113.89312,23.52028],[113.89748,23.51908],[113.89918,23.51716],[113.90035,23.51493],[113.90246,23.51417],[113.90639,23.51184],[113.90885,23.50801],[113.90905,23.50704],[113.90945,23.50627],[113.91152,23.50416],[113.91379,23.50338],[113.91587,23.50298],[113.91859,23.50334],[113.92308,23.50307],[113.92657,23.50031],[113.92776,23.49645],[113.92997,23.49422],[113.93345,23.49483],[113.93961,23.49493],[113.94533,23.49367],[113.94625,23.49319],[113.94668,23.49251],[113.94622,23.49166],[113.94338,23.48701],[113.94088,23.4836],[113.93985,23.48262],[113.93896,23.48212],[113.93804,23.48188],[113.93688,23.48196],[113.93576,23.48223],[113.93262,23.48421],[113.93126,23.48438],[113.93102,23.48397],[113.93117,23.48305],[113.93185,23.48137],[113.93297,23.47971],[113.9352,23.47814],[113.93701,23.47729],[113.93872,23.47673],[113.94092,23.4767],[113.9434,23.47753],[113.9447,23.47816],[113.94589,23.47837],[113.95031,23.47858],[113.9525,23.47844],[113.95428,23.478],[113.95573,23.47788],[113.96106,23.48037],[113.96288,23.48041],[113.96442,23.48015],[113.96581,23.47942],[113.96691,23.47844],[113.96901,23.47765],[113.97059,23.47761],[113.97212,23.47791],[113.97412,23.47882],[113.97669,23.47732],[113.98171,23.47215],[113.98044,23.47102],[113.97449,23.4649],[113.96993,23.46391],[113.96426,23.46447],[113.96103,23.46457],[113.95545,23.46604],[113.95475,23.46601],[113.95412,23.46563],[113.95346,23.46391],[113.95345,23.462],[113.95299,23.45856],[113.95296,23.45685],[113.95314,23.45455],[113.95377,23.45302],[113.95418,23.45244],[113.95436,23.45015],[113.95456,23.44957],[113.95281,23.44289],[113.95403,23.44002],[113.95506,23.43868],[113.95879,23.43486],[113.96003,23.43275],[113.96085,23.43199],[113.9619,23.43141],[113.96316,23.43103],[113.9663,23.43102],[113.96797,23.4314],[113.9707,23.431],[113.97535,23.4294],[113.9797,23.4305],[113.9845,23.43314],[113.98648,23.43276],[113.98796,23.43143],[113.98807,23.42824],[113.98721,23.42597],[113.98572,23.42445],[113.98488,23.42388],[113.98445,23.42331],[113.98422,23.42217],[113.98422,23.42123],[113.98462,23.42008],[113.98647,23.41647],[113.98432,23.41267],[113.98389,23.41134],[113.98428,23.40847],[113.98489,23.40753],[113.98677,23.40561],[113.99551,23.40008],[113.99739,23.39912],[113.99871,23.39796],[113.99907,23.39712],[113.99986,23.39664],[114.00045,23.39417],[114.00043,23.3934],[113.99912,23.39039],[113.99835,23.38959],[113.99726,23.38791],[113.99599,23.38677],[113.99514,23.38639],[113.99283,23.38582],[113.98776,23.38316],[113.98205,23.37936],[113.98119,23.37765],[113.98199,23.37499],[113.98592,23.36928],[113.98693,23.36586],[113.9892,23.36281],[113.99021,23.35958],[113.99057,23.35483],[113.99244,23.35216],[113.99867,23.34835],[114.00094,23.34662],[114.00153,23.34472],[114.00131,23.34319],[113.99935,23.34125],[113.99719,23.33868],[113.99688,23.33729],[113.99391,23.33316],[113.98995,23.33343],[113.98927,23.3322],[113.98801,23.33183],[113.98675,23.33182],[113.98507,23.33221],[113.98445,23.33258],[113.98361,23.33258],[113.9836,23.33182],[113.98421,23.33049],[113.98566,23.32916],[113.98837,23.32745],[113.98892,23.32505],[113.98856,23.31985],[113.99211,23.31612],[113.99293,23.31304],[113.99616,23.30934],[113.99607,23.30544],[113.99574,23.30359],[113.99607,23.30033],[113.9967,23.29746],[113.99571,23.29782],[113.99459,23.29851],[113.99223,23.29855],[113.99056,23.29818],[113.98887,23.29818],[113.98513,23.30047],[113.98221,23.30123],[113.97822,23.30105],[113.9774,23.30181],[113.97743,23.30485],[113.97556,23.30638],[113.96868,23.31],[113.9622,23.31244],[113.95847,23.31495],[113.96128,23.32458],[113.96027,23.32691],[113.9601,23.33014],[113.95969,23.33147],[113.95887,23.33262],[113.95742,23.33357],[113.95574,23.33433],[113.95241,23.33567],[113.94928,23.33645],[113.94658,23.33679],[113.94188,23.33989],[113.93927,23.34295],[113.93553,23.34272],[113.93013,23.34115],[113.92747,23.33995],[113.92301,23.34083],[113.91702,23.34237],[113.91075,23.3436],[113.90992,23.3436],[113.90806,23.34457],[113.90703,23.34553],[113.90497,23.34688],[113.90142,23.34692],[113.8983,23.34619],[113.89599,23.34507],[113.89515,23.34433],[113.89367,23.34225],[113.89239,23.33846],[113.89005,23.33565],[113.8892,23.33357],[113.8892,23.333],[113.8894,23.33262],[113.88918,23.33129],[113.88957,23.32919],[113.89038,23.32767],[113.89244,23.32631],[113.89326,23.3244],[113.89303,23.32327],[113.89364,23.32175],[113.89446,23.32116],[113.89509,23.32116],[113.8955,23.32096],[113.89697,23.32114],[113.89821,23.32055],[113.89778,23.3198],[113.89736,23.31943],[113.89588,23.31679],[113.89502,23.3147],[113.89475,23.3092],[113.89346,23.30618],[113.89198,23.30392],[113.8911,23.29976],[113.89128,23.29728],[113.8902,23.29389],[113.88852,23.292],[113.8885,23.29049],[113.89075,23.28781],[113.89116,23.28667],[113.89028,23.28269],[113.88775,23.2793],[113.88478,23.27401],[113.88289,23.27213],[113.87808,23.2682],[113.8766,23.26613],[113.87659,23.26498],[113.87721,23.26422],[113.87949,23.26344],[113.88011,23.26342],[113.88444,23.2611],[113.88567,23.25976],[113.88835,23.25783],[113.89311,23.25607],[113.8949,23.25416],[113.89516,23.25355],[113.89412,23.24995],[113.8928,23.24802],[113.89064,23.24669],[113.89011,23.24213],[113.89319,23.23767],[113.89521,23.23135],[113.89867,23.22442],[113.90081,23.2212],[113.90381,23.21973],[113.90444,23.21746],[113.90377,23.21254],[113.90244,23.21157],[113.89818,23.21149],[113.894,23.21266],[113.89367,23.21215],[113.89182,23.20422],[113.88981,23.20329],[113.88817,23.20351],[113.88811,23.2033],[113.88613,23.20285],[113.88667,23.20211],[113.88663,23.20162],[113.88689,23.20124],[113.88641,23.20097],[113.88635,23.19966],[113.88529,23.19662],[113.88528,23.1949],[113.88444,23.19359],[113.88402,23.19321],[113.88381,23.19264],[113.8838,23.19169],[113.884,23.19111],[113.88441,23.19073],[113.88441,23.19035],[113.88503,23.18978],[113.88564,23.18863],[113.8854,23.18577],[113.88744,23.18214],[113.88898,23.17863],[113.89318,23.17726],[113.89537,23.17798],[113.89636,23.1775],[113.89787,23.17708],[113.89769,23.17655],[113.89825,23.17638],[113.89928,23.17837],[113.89966,23.17819],[113.89951,23.17782],[113.89985,23.17669],[113.8996,23.17596],[113.90104,23.17551],[113.90177,23.17736],[113.90215,23.17717],[113.90149,23.17334],[113.89912,23.16862],[113.89568,23.16455],[113.89024,23.16295],[113.88635,23.16481],[113.88255,23.16484],[113.88099,23.1652],[113.87634,23.16549],[113.87478,23.16535],[113.87247,23.16436],[113.87093,23.16293],[113.86984,23.16018],[113.8677,23.15908],[113.86228,23.15824],[113.85873,23.15725],[113.85672,23.15525],[113.85613,23.1521],[113.85336,23.15039],[113.84985,23.14887],[113.84897,23.14772],[113.84813,23.14507],[113.84807,23.14439],[113.84908,23.14152],[113.84854,23.14001],[113.8458,23.13539],[113.84567,23.13381],[113.84578,23.132],[113.84426,23.12981],[113.84469,23.12562],[113.84325,23.1257],[113.84353,23.12302],[113.84156,23.12224],[113.84108,23.11615],[113.8377,23.11849],[113.83281,23.11989],[113.8261,23.12313],[113.82033,23.12559],[113.81467,23.12777],[113.80455,23.12906],[113.79127,23.12768],[113.78547,23.12842],[113.78102,23.13066],[113.77742,23.1311],[113.77514,23.13105],[113.75728,23.1294],[113.75405,23.12957],[113.7386,23.14131],[113.73652,23.14168],[113.7291,23.14205],[113.72437,23.14122],[113.72091,23.14003],[113.71693,23.13892],[113.70534,23.13207],[113.70133,23.13029],[113.69226,23.1227],[113.68781,23.1198],[113.68189,23.11776],[113.6782,23.11724],[113.67408,23.11709],[113.6707,23.11642],[113.66628,23.1142],[113.66201,23.11145],[113.66115,23.11142],[113.66064,23.11209],[113.66119,23.11601],[113.66106,23.11666],[113.66064,23.11706],[113.65985,23.11734],[113.65786,23.11709],[113.65623,23.11646],[113.65503,23.11552],[113.65455,23.11541],[113.65416,23.11649],[113.65374,23.11701],[113.65319,23.11896],[113.65321,23.11939],[113.6528,23.12027],[113.65122,23.11992],[113.65087,23.12],[113.65008,23.11897],[113.64795,23.1175],[113.6474,23.11661],[113.64609,23.11537],[113.6427,23.11348],[113.64238,23.11306],[113.64224,23.11259],[113.64248,23.11138],[113.64285,23.11088],[113.64443,23.10981],[113.64453,23.10942],[113.6444,23.10897],[113.64164,23.10482],[113.64028,23.10389],[113.62859,23.1034],[113.6164,23.10379],[113.6104,23.10379],[113.6054,23.10039],[113.60141,23.09539],[113.59611,23.09207],[113.58642,23.08779],[113.57101,23.08439],[113.57033,23.0842]]]]}}]}