{
  "type": "FeatureCollection",
  "features": [
    {
      "type": "Feature",
      "geometry": {
        "bbox": [
          105.9638950001542,
          35.760779000350624,
          106.54149900037862,
          36.52576200001633
        ],
        "type": "Polygon",
        "coordinates": [
          [
            [
              106.49958300005545,
              36.26561400018602
            ],
            [
              106.50020299986863,
              36.260597000850964
            ],
            [
              106.5092200002029,
              36.256433000382685
            ],
            [
              106.47522199989544,
              36.20108800041095
            ],
            [
              106.47020300046813,
              36.185418999986894
            ],
            [
              106.47419900038363,
              36.11577700080801
            ],
            [
              106.46529100057927,
              36.09267800038947
            ],
            [
              106.45504500022662,
              36.09272300066601
            ],
            [
              106.45167000017047,
              36.0838060004466
            ],
            [
              106.47484400045035,
              36.062376000552035
            ],
            [
              106.4892720003026,
              36.0352900006331
            ],
            [
              106.54149900037862,
              35.98703100008066
            ],
            [
              106.54064300047418,
              35.97531600033318
            ],
            [
              106.52453600053605,
              35.94930300043319
            ],
            [
              106.50276500020465,
              35.94980400015453
            ],
            [
              106.49175300050064,
              35.93295700026539
            ],
            [
              106.47733700030238,
              35.94704400058021
            ],
            [
              106.4528800002119,
              35.95662200070484
            ],
            [
              106.44022400023749,
              35.945155000702755
            ],
            [
              106.41450200026713,
              35.936199000483555
            ],
            [
              106.40521099988781,
              35.92554800033997
            ],
            [
              106.40887799991981,
              35.91739300018685
            ],
            [
              106.39259900014378,
              35.91979000010849
            ],
            [
              106.37488699993514,
              35.91635700007555
            ],
            [
              106.34917600047208,
              35.921951999984856
            ],
            [
              106.33402000032282,
              35.93075200020468
            ],
            [
              106.32458500049745,
              35.92954300020932
            ],
            [
              106.31665399988225,
              35.902327000590674
            ],
            [
              106.33164999984768,
              35.87960600051656
            ],
            [
              106.34114500064135,
              35.872811000127626
            ],
            [
              106.34498500055741,
              35.86221800086009
            ],
            [
              106.33954400055524,
              35.858444000390364
            ],
            [
              106.32142400041732,
              35.858023000760916
            ],
            [
              106.29451100038244,
              35.87227200045248
            ],
            [
              106.29084800053488,
              35.85047400067464
            ],
            [
              106.27548300064001,
              35.845206000556516
            ],
            [
              106.2590350002651,
              35.827821000139124
            ],
            [
              106.2602320006064,
              35.81780900068486
            ],
            [
              106.28109900061844,
              35.808314000790574
            ],
            [
              106.30218800007624,
              35.82210900023023
            ],
            [
              106.30653399994418,
              35.81668800025108
            ],
            [
              106.30454399990572,
              35.801153000610554
            ],
            [
              106.31760300047813,
              35.7846790008353
            ],
            [
              106.31350500035552,
              35.779619000416574
            ],
            [
              106.30708200003431,
              35.78750799999426
            ],
            [
              106.29208600006893,
              35.789888000031226
            ],
            [
              106.2799770001385,
              35.78166100015511
            ],
            [
              106.26420900054501,
              35.78215800059132
            ],
            [
              106.2608860001888,
              35.774692000735286
            ],
            [
              106.2474730003787,
              35.77170800072372
            ],
            [
              106.24924500025662,
              35.78025900025273
            ],
            [
              106.2431620003261,
              35.7825280005668
            ],
            [
              106.22662200020523,
              35.778284000006636
            ],
            [
              106.22520200037206,
              35.784205000560405
            ],
            [
              106.21891900021177,
              35.786340000091
            ],
            [
              106.1955970003014,
              35.77022700077549
            ],
            [
              106.17873799985887,
              35.77087800021957
            ],
            [
              106.13217800031452,
              35.763330000179394
            ],
            [
              106.10872799989733,
              35.769455000248115
            ],
            [
              106.09166199980149,
              35.760779000350624
            ],
            [
              106.06588000066154,
              35.76670400018952
            ],
            [
              106.04100099999619,
              35.78415400000716
            ],
            [
              106.03709100044938,
              35.780127000460766
            ],
            [
              106.03980000036978,
              35.77386200023119
            ],
            [
              106.03429400006809,
              35.76860500062031
            ],
            [
              106.02783399983929,
              35.77119000021838
            ],
            [
              106.02511400031091,
              35.78383300049262
            ],
            [
              106.01946699980226,
              35.78647000069003
            ],
            [
              105.97805000000756,
              35.796681000327965
            ],
            [
              105.99535100014862,
              35.83702900028817
            ],
            [
              106.01324799989533,
              35.849043000334234
            ],
            [
              106.0042900004832,
              35.857952000184696
            ],
            [
              106.00431499983745,
              35.8638050003006
            ],
            [
              106.01513300048765,
              35.87068800025105
            ],
            [
              106.03883800007372,
              35.862637000397285
            ],
            [
              106.05260600006693,
              35.88695400032691
            ],
            [
              106.04998999993859,
              35.90185500040798
            ],
            [
              106.05500900026523,
              35.909983000215334
            ],
            [
              106.04207099987678,
              35.93509300074146
            ],
            [
              106.03191400003112,
              35.93698300066501
            ],
            [
              106.02169199988595,
              35.957636000700916
            ],
            [
              106.00688899982754,
              35.966508000643785
            ],
            [
              106.01066100020506,
              35.989392000140754
            ],
            [
              106.02714100025702,
              36.003599000593454
            ],
            [
              106.02486000028887,
              36.01629600065996
            ],
            [
              106.03568500036255,
              36.03394600070743
            ],
            [
              106.022055000438,
              36.0530450001267
            ],
            [
              106.04305600033422,
              36.084940000580616
            ],
            [
              106.03440300059805,
              36.12232300050613
            ],
            [
              106.02657500023611,
              36.133204000464275
            ],
            [
              106.03404200013826,
              36.1424340007286
            ],
            [
              106.0367240006122,
              36.158735000619856
            ],
            [
              106.02825000013746,
              36.17523100051034
            ],
            [
              106.01248400063618,
              36.184360000613594
            ],
            [
              106.01014599983807,
              36.192884000696154
            ],
            [
              106.00465700032038,
              36.19373000013945
            ],
            [
              105.98292000065754,
              36.24386400082301
            ],
            [
              105.97615900003791,
              36.27458900038209
            ],
            [
              105.9638950001542,
              36.28899700021145
            ],
            [
              105.96473700031237,
              36.29689700029638
            ],
            [
              105.97573900045455,
              36.310382000728794
            ],
            [
              105.99252400018253,
              36.30688900062694
            ],
            [
              106.00222799982238,
              36.316982000219184
            ],
            [
              106.01510500009573,
              36.31900499998079
            ],
            [
              106.0153729998641,
              36.327116000802846
            ],
            [
              106.0369999998502,
              36.326196000644984
            ],
            [
              106.048534000244,
              36.330634000258954
            ],
            [
              106.06615699994563,
              36.327252000779254
            ],
            [
              106.06500800001925,
              36.320898000042746
            ],
            [
              106.07164500031655,
              36.32391000044623
            ],
            [
              106.07187600017733,
              36.33115000067204
            ],
            [
              106.0800770006531,
              36.332224000737085
            ],
            [
              106.09186700026191,
              36.32943300063255
            ],
            [
              106.09602800059179,
              36.324010000561145
            ],
            [
              106.10964599996299,
              36.31980800013912
            ],
            [
              106.12335700002558,
              36.32211900059144
            ],
            [
              106.12678699992017,
              36.31780900058499
            ],
            [
              106.1690479999653,
              36.3352730001489
            ],
            [
              106.18347000044025,
              36.32579500013918
            ],
            [
              106.20375400054674,
              36.32811300001498
            ],
            [
              106.20976799999329,
              36.34178400003162
            ],
            [
              106.20850600025176,
              36.34878700012001
            ],
            [
              106.19377100063123,
              36.34956600007092
            ],
            [
              106.2075460000479,
              36.36388400024646
            ],
            [
              106.24193300030777,
              36.38330700021795
            ],
            [
              106.24975800053136,
              36.37900800071873
            ],
            [
              106.26472500005877,
              36.38349500079369
            ],
            [
              106.27045599994449,
              36.390714000051105
            ],
            [
              106.27554399985576,
              36.412703000543104
            ],
            [
              106.28210200010727,
              36.40825200032958
            ],
            [
              106.28887700047324,
              36.4131700004952
            ],
            [
              106.31069200013576,
              36.40809900046855
            ],
            [
              106.31019400055277,
              36.43704300063405
            ],
            [
              106.32291299983513,
              36.45747700046326
            ],
            [
              106.31271100061224,
              36.449934000653684
            ],
            [
              106.30716700035686,
              36.45044300074392
            ],
            [
              106.30791799991584,
              36.47628400080606
            ],
            [
              106.31635200034458,
              36.484721000473826
            ],
            [
              106.34047700041327,
              36.49825100028346
            ],
            [
              106.36396399983882,
              36.51797500064583
            ],
            [
              106.40906400040336,
              36.50283300024285
            ],
            [
              106.40761600017834,
              36.51878100004319
            ],
            [
              106.4145270005207,
              36.52576200001636
            ],
            [
              106.44137600030223,
              36.50114400059522
            ],
            [
              106.48310900028021,
              36.50046200062087
            ],
            [
              106.51186399982379,
              36.4776080007087
            ],
            [
              106.51650200056697,
              36.454777000058584
            ],
            [
              106.49745199980998,
              36.44255100012862
            ],
            [
              106.49564400007063,
              36.42482400012756
            ],
            [
              106.48356600067046,
              36.4221950002991
            ],
            [
              106.4798960005001,
              36.41520700000308
            ],
            [
              106.48457400038984,
              36.39146000027887
            ],
            [
              106.49098200001936,
              36.387279999972066
            ],
            [
              106.50756900050902,
              36.39025500046796
            ],
            [
              106.51313800011866,
              36.38581800000077
            ],
            [
              106.50450900058996,
              36.37548100084758
            ],
            [
              106.49645999992913,
              36.344501000320975
            ],
            [
              106.50618000030681,
              36.29472700005107
            ],
            [
              106.48330700041778,
              36.30718200064888
            ],
            [
              106.46769700001659,
              36.308356999975615
            ],
            [
              106.47219899988397,
              36.28873800085813
            ],
            [
              106.48940300004847,
              36.2697030007929
            ],
            [
              106.49958300005545,
              36.26561400018602
            ]
          ]
        ]
      },
      "properties": {
        "OBJECTID_1": 1,
        "FID_中国": 352,
        "LAYER": "Unknown Area Type",
        "name": "原州区",
        "gb": 156640402,
        "FID_quansh": 0,
        "OBJECTID": 1,
        "FID_Export": 0,
        "LAYER_1": "Unknown Area Type",
        "name_1": "宁夏回族自治区",
        "gb_1": 156640000,
        "FID_中_1": 167,
        "LAYER_12": "Unknown Area Type",
        "name_12": "固原市",
        "gb_12": 156640400,
        "Shape_Leng": 7.33641842807,
        "Shape_Le_1": 3.1445576539,
        "Shape_Area": 0.273316756969
      }
    },
    {
      "type": "Feature",
      "geometry": {
        "bbox": [
          105.56825200042954,
          36.576562000835736,
          106.69809200014575,
          37.40062200080476
        ],
        "type": "Polygon",
        "coordinates": [
          [
            [
              106.62477899985102,
              37.33411900069137
            ],
            [
              106.62295800041147,
              37.32081000028131
            ],
            [
              106.65082400032742,
              37.29562500079322
            ],
            [
              106.68939700027141,
              37.289401000655694
            ],
            [
              106.69809200014578,
              37.27750800079366
            ],
            [
              106.69205100035344,
              37.27149300040168
            ],
            [
              106.68988400024648,
              37.25075600008938
            ],
            [
              106.66677800040446,
              37.23602600069944
            ],
            [
              106.65955500006328,
              37.2181730002838
            ],
            [
              106.65277000013543,
              37.21808500072228
            ],
            [
              106.64727100015659,
              37.211229000218225
            ],
            [
              106.64400699982326,
              37.189958000461395
            ],
            [
              106.60917999995712,
              37.167590000478185
            ],
            [
              106.61683600048111,
              37.15030400012955
            ],
            [
              106.61186200043102,
              37.13991700046927
            ],
            [
              106.60466800052785,
              37.13414800062975
            ],
            [
              106.60285899984302,
              37.10838300047516
            ],
            [
              106.63646700015198,
              37.07643500027507
            ],
            [
              106.64302800054185,
              37.055485000032775
            ],
            [
              106.64376800049291,
              37.03713600012634
            ],
            [
              106.63280500035057,
              36.962009000714886
            ],
            [
              106.59658800023607,
              36.968178000114676
            ],
            [
              106.58856200063587,
              36.961998000207586
            ],
            [
              106.58880600019683,
              36.942028000192124
            ],
            [
              106.57569900010884,
              36.94168100037791
            ],
            [
              106.54479200025065,
              36.98493600039615
            ],
            [
              106.53489699989672,
              36.98949100000971
            ],
            [
              106.53334100008715,
              36.97888900032717
            ],
            [
              106.54538000038679,
              36.93896900031916
            ],
            [
              106.6017840006312,
              36.911659000862244
            ],
            [
              106.6051330003877,
              36.90399600001547
            ],
            [
              106.59555800040147,
              36.892025000153694
            ],
            [
              106.603698999909,
              36.87766300064703
            ],
            [
              106.62189499995435,
              36.89106800008818
            ],
            [
              106.6333850001177,
              36.88196900046904
            ],
            [
              106.63290400041933,
              36.87048000035179
            ],
            [
              106.62429099982984,
              36.858509000490024
            ],
            [
              106.63434600036767,
              36.85276400085803
            ],
            [
              106.63768000033178,
              36.83822200024514
            ],
            [
              106.65255700020545,
              36.818123000576065
            ],
            [
              106.63086000058861,
              36.78404200003831
            ],
            [
              106.63494099992727,
              36.7605019999674
            ],
            [
              106.62326099999524,
              36.746651000643226
            ],
            [
              106.64247100003666,
              36.72167200076228
            ],
            [
              106.63659699985175,
              36.7192230002413
            ],
            [
              106.61873599996647,
              36.72472400031239
            ],
            [
              106.59140000020989,
              36.7462730002988
            ],
            [
              106.57843800051336,
              36.75006100051479
            ],
            [
              106.55218500033754,
              36.7378810000082
            ],
            [
              106.51616700040682,
              36.72818400069116
            ],
            [
              106.51071900008185,
              36.72229400066766
            ],
            [
              106.5144579998369,
              36.69416000008397
            ],
            [
              106.49483500053492,
              36.69408400017653
            ],
            [
              106.48585500010824,
              36.677769000539
            ],
            [
              106.48540500004077,
              36.65479700058114
            ],
            [
              106.4746930006815,
              36.63246500045943
            ],
            [
              106.46303499996532,
              36.625942000023315
            ],
            [
              106.4376570005702,
              36.62499700051121
            ],
            [
              106.42592399999268,
              36.6289940004728
            ],
            [
              106.39881599995853,
              36.61800399998464
            ],
            [
              106.38568300047018,
              36.62393800023858
            ],
            [
              106.37709199999586,
              36.62244900082078
            ],
            [
              106.37916000003406,
              36.614191000414394
            ],
            [
              106.37323900037961,
              36.60658700048975
            ],
            [
              106.35976300036225,
              36.60933700050225
            ],
            [
              106.32745100046338,
              36.594684000166524
            ],
            [
              106.30623200040657,
              36.592392000590394
            ],
            [
              106.28792500063832,
              36.61027300049864
            ],
            [
              106.2798339998393,
              36.60276300041221
            ],
            [
              106.27302100041891,
              36.60434700061364
            ],
            [
              106.26972000017793,
              36.61842200037506
            ],
            [
              106.26220399981482,
              36.62580600004691
            ],
            [
              106.23961500043197,
              36.60931500038703
            ],
            [
              106.22819200066039,
              36.61230300058304
            ],
            [
              106.21097699998865,
              36.60983600013134
            ],
            [
              106.20803700020747,
              36.5915220000403
            ],
            [
              106.20250100032098,
              36.58793800023858
            ],
            [
              106.19326599982611,
              36.58979800057733
            ],
            [
              106.14697400005014,
              36.576562000835736
            ],
            [
              106.13985900019276,
              36.59123700038731
            ],
            [
              106.14625400012204,
              36.593757000585185
            ],
            [
              106.14808099983833,
              36.60025900005286
            ],
            [
              106.1392650006793,
              36.60713000034929
            ],
            [
              106.15135200049451,
              36.61249800058232
            ],
            [
              106.1506100004512,
              36.6225700001055
            ],
            [
              106.13873999985117,
              36.62932500044849
            ],
            [
              106.1296250003935,
              36.64418700052971
            ],
            [
              106.11315599994953,
              36.63990200077677
            ],
            [
              106.11137999988716,
              36.65158700004008
            ],
            [
              106.11823700043726,
              36.65356900060897
            ],
            [
              106.1179570001155,
              36.66221600006838
            ],
            [
              106.11474800051985,
              36.668465000459435
            ],
            [
              106.10366700033188,
              36.670861000334924
            ],
            [
              106.10306000021887,
              36.696410000421224
            ],
            [
              106.08956300013239,
              36.70308400062618
            ],
            [
              106.07250700049775,
              36.723946000407636
            ],
            [
              106.06437600055204,
              36.744837000627115
            ],
            [
              106.0607180000357,
              36.7723920005904
            ],
            [
              106.03552800031702,
              36.785755000792676
            ],
            [
              106.02833300036775,
              36.784188000475865
            ],
            [
              106.02414000036079,
              36.80192100075362
            ],
            [
              106.03119700024143,
              36.80233700015248
            ],
            [
              106.03500999981168,
              36.80721300017984
            ],
            [
              106.02730000039475,
              36.82619800063725
            ],
            [
              106.00959700060118,
              36.83164100073162
            ],
            [
              105.98755500036306,
              36.84637800044442
            ],
            [
              105.97552600052455,
              36.838990000588126
            ],
            [
              105.96782000039275,
              36.83912700061063
            ],
            [
              105.97271100021254,
              36.8483560008288
            ],
            [
              105.99090800030405,
              36.862334000613714
            ],
            [
              105.98416600056055,
              36.86619400055275
            ],
            [
              105.98066500008974,
              36.86071400055073
            ],
            [
              105.97867099986684,
              36.87112000018789
            ],
            [
              105.96241100006768,
              36.88231100005266
            ],
            [
              105.96892500008875,
              36.89537600000244
            ],
            [
              105.9612920006254,
              36.90299600066493
            ],
            [
              105.95468399986675,
              36.89988700028488
            ],
            [
              105.94983400013905,
              36.904046000522555
            ],
            [
              105.96023200030663,
              36.90821000009146
            ],
            [
              105.95412600021479,
              36.9183260007444
            ],
            [
              105.94522000050267,
              36.91515600024928
            ],
            [
              105.92237199996788,
              36.93502400005758
            ],
            [
              105.91379200000087,
              36.93183400043881
            ],
            [
              105.91607099987681,
              36.921397000271384
            ],
            [
              105.88809300019187,
              36.91433099997573
            ],
            [
              105.89089800004274,
              36.88894900039611
            ],
            [
              105.90343299983311,
              36.877165000164666
            ],
            [
              105.89511300016488,
              36.86210000061459
            ],
            [
              105.87706000041874,
              36.84534800060982
            ],
            [
              105.87538000028684,
              36.83739500077871
            ],
            [
              105.85637899999092,
              36.83641700064413
            ],
            [
              105.86176600020083,
              36.827139000864236
            ],
            [
              105.84979900052349,
              36.83281200077329
            ],
            [
              105.84446299996756,
              36.81072200012028
            ],
            [
              105.82165400033193,
              36.79463700029737
            ],
            [
              105.81533500031009,
              36.799119000141786
            ],
            [
              105.81840100050584,
              36.808564000428305
            ],
            [
              105.81558800028603,
              36.818131000045696
            ],
            [
              105.79242700060564,
              36.837420000132965
            ],
            [
              105.78513899996496,
              36.838853000565564
            ],
            [
              105.7798240003774,
              36.83314000061057
            ],
            [
              105.75644800067478,
              36.8362250007832
            ],
            [
              105.74031200029862,
              36.81812800080667
            ],
            [
              105.73330800016413,
              36.82385300041568
            ],
            [
              105.73689800024262,
              36.82670100045084
            ],
            [
              105.7281159999535,
              36.8576620001013
            ],
            [
              105.73850799984439,
              36.882229000767836
            ],
            [
              105.75689100041939,
              36.8965560004591
            ],
            [
              105.7356580006163,
              36.906424000467325
            ],
            [
              105.7322930001219,
              36.917005000080735
            ],
            [
              105.7641169999996,
              36.907782000139264
            ],
            [
              105.76206699989217,
              36.913698000462375
            ],
            [
              105.78087200014278,
              36.928256000014414
            ],
            [
              105.82456799981338,
              36.95331600003345
            ],
            [
              105.82801100030747,
              36.959632000816214
            ],
            [
              105.82642000068256,
              36.9704560008438
            ],
            [
              105.83707700020346,
              36.97879200035061
            ],
            [
              105.81163999988615,
              37.013733000077934
            ],
            [
              105.79974100064675,
              37.03968800000126
            ],
            [
              105.77212999989962,
              37.05550100077062
            ],
            [
              105.75355900054751,
              37.07194100077663
            ],
            [
              105.75583200014677,
              37.09623100036043
            ],
            [
              105.72199800020758,
              37.110805000650316
            ],
            [
              105.69456500047443,
              37.13162900047803
            ],
            [
              105.68492200005035,
              37.15209000065306
            ],
            [
              105.67096500033455,
              37.15755800010169
            ],
            [
              105.6686500005971,
              37.177276000187305
            ],
            [
              105.66174400048527,
              37.19073300022785
            ],
            [
              105.62972999993963,
              37.19119900013379
            ],
            [
              105.61016799985339,
              37.198486000728394
            ],
            [
              105.58061200024368,
              37.198167000406784
            ],
            [
              105.57024799984539,
              37.202402000551956
            ],
            [
              105.56825200042954,
              37.215899000638444
            ],
            [
              105.57543300063253,
              37.22173300077742
            ],
            [
              105.6017039998398,
              37.22253499999033
            ],
            [
              105.67170600033171,
              37.27657399999015
            ],
            [
              105.67701700063412,
              37.27250200016721
            ],
            [
              105.6902770005832,
              37.238633000412676
            ],
            [
              105.69030900026019,
              37.2297000003548
            ],
            [
              105.68616499981493,
              37.228907000657614
            ],
            [
              105.67981099997775,
              37.2164640006132
            ],
            [
              105.70358199990943,
              37.19663400075859
            ],
            [
              105.70909999986515,
              37.18622100079858
            ],
            [
              105.76380299990859,
              37.19177500061585
            ],
            [
              105.77392700003111,
              37.20047400067466
            ],
            [
              105.77706000061858,
              37.201206000256775
            ],
            [
              105.79558800068577,
              37.17450000077446
            ],
            [
              105.81213100004567,
              37.18055900049751
            ],
            [
              105.85922599997997,
              37.17519900063343
            ],
            [
              105.87583300049266,
              37.178415000551865
            ],
            [
              105.91167200026268,
              37.163489000217226
            ],
            [
              105.94464900025122,
              37.1620170006841
            ],
            [
              105.95892000005801,
              37.16736700008704
            ],
            [
              105.97983400043881,
              37.16096700082648
            ],
            [
              105.98593400025396,
              37.16914800037995
            ],
            [
              106.00246700005209,
              37.17671900058144
            ],
            [
              106.04752200034011,
              37.175815000262105
            ],
            [
              106.06212300007644,
              37.16641800039048
            ],
            [
              106.05977799985487,
              37.15272600030471
            ],
            [
              106.07537799979491,
              37.12688800038097
            ],
            [
              106.09066000035881,
              37.1186889999974
            ],
            [
              106.16722300034127,
              37.09301800058029
            ],
            [
              106.18712100063375,
              37.09854900023623
            ],
            [
              106.2251699997957,
              37.097119000841246
            ],
            [
              106.23658400005161,
              37.08508500077221
            ],
            [
              106.2445510005283,
              37.07995500072275
            ],
            [
              106.24926900046405,
              37.08170900066989
            ],
            [
              106.25752000054764,
              37.07379200070034
            ],
            [
              106.25787200059239,
              37.07881800045044
            ],
            [
              106.24360299997852,
              37.09800600037665
            ],
            [
              106.24759699980177,
              37.105171000741166
            ],
            [
              106.26865999985915,
              37.10251600061298
            ],
            [
              106.29643199993689,
              37.117448000325
            ],
            [
              106.32660099993626,
              37.11920700050274
            ],
            [
              106.34211500040698,
              37.12904900021124
            ],
            [
              106.33391600002346,
              37.15585000047719
            ],
            [
              106.32708000044177,
              37.16121300047962
            ],
            [
              106.30529800050238,
              37.23125900030266
            ],
            [
              106.26993600024629,
              37.24407500046095
            ],
            [
              106.26441600019831,
              37.23985400006211
            ],
            [
              106.26225400032195,
              37.24379300004699
            ],
            [
              106.26451000003652,
              37.27427600013738
            ],
            [
              106.25241900003687,
              37.285927000530705
            ],
            [
              106.24193800053837,
              37.32276200036608
            ],
            [
              106.24422000055262,
              37.33635700047523
            ],
            [
              106.25441100016758,
              37.33826200019121
            ],
            [
              106.2480160002383,
              37.343143000449174
            ],
            [
              106.24855599995948,
              37.351635000854685
            ],
            [
              106.25717000059514,
              37.3486180002206
            ],
            [
              106.25704600027274,
              37.35533500060984
            ],
            [
              106.26630099989131,
              37.35436700003709
            ],
            [
              106.26087000035028,
              37.35746800004824
            ],
            [
              106.2592900003333,
              37.365751000708144
            ],
            [
              106.26856900015929,
              37.3594600001789
            ],
            [
              106.27460799985937,
              37.36314900032613
            ],
            [
              106.28487600032719,
              37.358509000390086
            ],
            [
              106.28748700022493,
              37.36190700060763
            ],
            [
              106.30863400055875,
              37.34846700045176
            ],
            [
              106.31914800067977,
              37.335162000226205
            ],
            [
              106.33367999993209,
              37.32851100018257
            ],
            [
              106.41483200019672,
              37.357953999977155
            ],
            [
              106.42039000019844,
              37.35307100052631
            ],
            [
              106.43758199980948,
              37.35419700029138
            ],
            [
              106.44797000041524,
              37.35951900020177
            ],
            [
              106.43769899980907,
              37.368172000837205
            ],
            [
              106.46238999989862,
              37.38694400046529
            ],
            [
              106.45663899998993,
              37.39747500047093
            ],
            [
              106.46318700067962,
              37.40062200080473
            ],
            [
              106.47328300041022,
              37.38757100060127
            ],
            [
              106.48250100012115,
              37.38327100015658
            ],
            [
              106.50650900019025,
              37.38046800039797
            ],
            [
              106.49298599980409,
              37.37907800014966
            ],
            [
              106.49471400035088,
              37.35154300020935
            ],
            [
              106.49075500034303,
              37.32981400001614
            ],
            [
              106.51378300018536,
              37.32443600022129
            ],
            [
              106.51294300011944,
              37.32001400044584
            ],
            [
              106.5755550006628,
              37.318232000106775
            ],
            [
              106.58195100063824,
              37.32786500006972
            ],
            [
              106.60372700030086,
              37.33402200071481
            ],
            [
              106.62477899985102,
              37.33411900069137
            ]
          ]
        ]
      },
      "properties": {
        "OBJECTID_1": 2,
        "FID_中国": 470,
        "LAYER": "Unknown Area Type",
        "name": "同心县",
        "gb": 156640324,
        "FID_quansh": 3,
        "OBJECTID": 4,
        "FID_Export": 0,
        "LAYER_1": "Unknown Area Type",
        "name_1": "宁夏回族自治区",
        "gb_1": 156640000,
        "FID_中_1": 246,
        "LAYER_12": "Unknown Area Type",
        "name_12": "吴忠市",
        "gb_12": 156640300,
        "Shape_Leng": 11.9931419936,
        "Shape_Le_1": 5.19276769418,
        "Shape_Area": 0.446359528258
      }
    },
    {
      "type": "Feature",
      "geometry": {
        "bbox": [
          106.56614100000718,
          37.08225300057558,
          107.66035499988338,
          38.1633040004793
        ],
        "type": "Polygon",
        "coordinates": [
          [
            [
              106.61186200043102,
              37.13991700046927
            ],
            [
              106.61683600048111,
              37.15030400012955
            ],
            [
              106.60917999995712,
              37.167590000478185
            ],
            [
              106.64400699982326,
              37.189958000461395
            ],
            [
              106.64727100015659,
              37.211229000218225
            ],
            [
              106.65277000013543,
              37.21808500072228
            ],
            [
              106.65955500006328,
              37.2181730002838
            ],
            [
              106.66677800040446,
              37.23602600069944
            ],
            [
              106.68988400024648,
              37.25075600008938
            ],
            [
              106.69205100035344,
              37.27149300040168
            ],
            [
              106.69809200014578,
              37.27750800079366
            ],
            [
              106.68939700027141,
              37.289401000655694
            ],
            [
              106.65082400032742,
              37.29562500079322
            ],
            [
              106.62295800041147,
              37.32081000028131
            ],
            [
              106.62477899985102,
              37.33411900069137
            ],
            [
              106.62527300014892,
              37.34147000064007
            ],
            [
              106.67523600014135,
              37.335626000039895
            ],
            [
              106.69963800039348,
              37.34770600043163
            ],
            [
              106.67977499991639,
              37.39907400046479
            ],
            [
              106.67224400066016,
              37.404679999982086
            ],
            [
              106.65172400046231,
              37.40526400083303
            ],
            [
              106.64656199983648,
              37.410189000422065
            ],
            [
              106.64599500066879,
              37.47083100005068
            ],
            [
              106.65818900002239,
              37.48439900071339
            ],
            [
              106.63204400033045,
              37.530469000144315
            ],
            [
              106.6043019998375,
              37.559287000794484
            ],
            [
              106.5883950001292,
              37.583080999988226
            ],
            [
              106.56614100000718,
              37.593536000086374
            ],
            [
              106.58722400008759,
              37.62450400005963
            ],
            [
              106.63932100046384,
              37.641862000131255
            ],
            [
              106.64437600065196,
              37.65481600035821
            ],
            [
              106.70973200003186,
              37.639305000025786
            ],
            [
              106.76520300041818,
              37.63627300049865
            ],
            [
              106.77014200065287,
              37.64835800022161
            ],
            [
              106.76257899992095,
              37.71618500023761
            ],
            [
              106.76520500051043,
              37.73844200049797
            ],
            [
              106.82424600005294,
              37.75897000016545
            ],
            [
              106.86862799988234,
              37.80934400022551
            ],
            [
              106.86581100037745,
              37.818574000489775
            ],
            [
              106.87716799980342,
              37.83865700032038
            ],
            [
              106.88067500055092,
              37.86337000052515
            ],
            [
              106.84073400047379,
              37.86574700042377
            ],
            [
              106.83023600019129,
              37.85842500001377
            ],
            [
              106.81848000035177,
              37.87219600014532
            ],
            [
              106.8110720004725,
              37.93045700059014
            ],
            [
              106.81785400026195,
              37.94517700041831
            ],
            [
              106.78831999986818,
              37.943755000492956
            ],
            [
              106.7782779999298,
              37.93827200035258
            ],
            [
              106.76571200050847,
              37.95551900070137
            ],
            [
              106.7589870006496,
              37.981910000046526
            ],
            [
              106.7643680005828,
              38.00864300077393
            ],
            [
              106.78147499987142,
              38.0400500003073
            ],
            [
              106.82702999983468,
              38.03381300046965
            ],
            [
              106.85308599991902,
              38.04793400055371
            ],
            [
              106.80810800048391,
              38.11956100043989
            ],
            [
              106.80697100021155,
              38.13801200055343
            ],
            [
              106.8121309998458,
              38.150544000205514
            ],
            [
              106.82293900003486,
              38.15757400063967
            ],
            [
              106.82002100036891,
              38.163304000479286
            ],
            [
              107.00416499991485,
              38.121376000502096
            ],
            [
              107.0376430005241,
              38.12556800046292
            ],
            [
              107.07418000010699,
              38.14175400044684
            ],
            [
              107.1071470005337,
              38.13604400063019
            ],
            [
              107.13625300007595,
              38.15801600033819
            ],
            [
              107.16729699995665,
              38.15775700008555
            ],
            [
              107.18619600004541,
              38.14759800014764
            ],
            [
              107.22761499993237,
              38.11380000007
            ],
            [
              107.25856000064357,
              38.098137000821964
            ],
            [
              107.30871600054303,
              38.09730900041013
            ],
            [
              107.32862800058183,
              38.09059099997472
            ],
            [
              107.35698699985022,
              38.04524200051799
            ],
            [
              107.43471500049691,
              37.99583100080008
            ],
            [
              107.40557100010165,
              37.947529000063355
            ],
            [
              107.41556600057055,
              37.9383660001908
            ],
            [
              107.44304699981927,
              37.932537000282366
            ],
            [
              107.4522100005911,
              37.94086500031955
            ],
            [
              107.48802200001535,
              37.9433630004022
            ],
            [
              107.50384500034653,
              37.92754000007102
            ],
            [
              107.55577100003171,
              37.89212000073752
            ],
            [
              107.64438600001392,
              37.8644030004981
            ],
            [
              107.65970600053157,
              37.85096400038839
            ],
            [
              107.65514400059521,
              37.84347500037103
            ],
            [
              107.6603549998834,
              37.83566300074693
            ],
            [
              107.64635499998332,
              37.83078000039677
            ],
            [
              107.64928400015657,
              37.822315000337035
            ],
            [
              107.64244800057482,
              37.806690000143426
            ],
            [
              107.64993999983119,
              37.804413000359716
            ],
            [
              107.64896400068812,
              37.79985400056171
            ],
            [
              107.63517000039525,
              37.80100300048815
            ],
            [
              107.62496199999634,
              37.786781000243025
            ],
            [
              107.6221850005374,
              37.771633000462664
            ],
            [
              107.61012300007646,
              37.76823000001457
            ],
            [
              107.59435999981417,
              37.790180000506666
            ],
            [
              107.57859000012849,
              37.797600000040006
            ],
            [
              107.56962600043965,
              37.790180000506666
            ],
            [
              107.5826110002975,
              37.777817000554194
            ],
            [
              107.54241900033668,
              37.76977500021616
            ],
            [
              107.53314200060288,
              37.78028900033712
            ],
            [
              107.49404200063788,
              37.76507600025724
            ],
            [
              107.49079100000472,
              37.76328300031025
            ],
            [
              107.48924200051795,
              37.74566300074696
            ],
            [
              107.49697099991175,
              37.73360400042435
            ],
            [
              107.46476700049675,
              37.7019620008457
            ],
            [
              107.46130399997969,
              37.69247800055934
            ],
            [
              107.46421800036046,
              37.68591299998502
            ],
            [
              107.43540199980254,
              37.68718700027989
            ],
            [
              107.41414599983807,
              37.67741800034048
            ],
            [
              107.39849100005966,
              37.690159000637436
            ],
            [
              107.37992800017713,
              37.691250000587104
            ],
            [
              107.38138599996398,
              37.669773000323744
            ],
            [
              107.41596199994638,
              37.664314000390846
            ],
            [
              107.41378000004704,
              37.64866300079689
            ],
            [
              107.39267000052018,
              37.65266800022806
            ],
            [
              107.35263100042039,
              37.610081000437845
            ],
            [
              107.34243799981391,
              37.60607500006125
            ],
            [
              107.31477300017389,
              37.60680400040434
            ],
            [
              107.31113400053374,
              37.60243600042111
            ],
            [
              107.32387499993139,
              37.58277900045056
            ],
            [
              107.33625000043725,
              37.580597000551165
            ],
            [
              107.36173300017788,
              37.58642200027515
            ],
            [
              107.36537199981802,
              37.580597000551165
            ],
            [
              107.34471100031249,
              37.53373000033929
            ],
            [
              107.34780099981636,
              37.52971300035472
            ],
            [
              107.34192600048459,
              37.51981700085395
            ],
            [
              107.32708700056469,
              37.5108530002658
            ],
            [
              107.32399700016151,
              37.49446900014431
            ],
            [
              107.31564299982466,
              37.491993000176876
            ],
            [
              107.31317100004168,
              37.50343300073246
            ],
            [
              107.28781900004685,
              37.49013900011482
            ],
            [
              107.27928900058697,
              37.4813460002178
            ],
            [
              107.28009000065305,
              37.45025600001446
            ],
            [
              107.27057699992866,
              37.41759900039358
            ],
            [
              107.27760300017837,
              37.41514200040302
            ],
            [
              107.27162899987849,
              37.396873000588585
            ],
            [
              107.25827800022961,
              37.39265800046638
            ],
            [
              107.25618700003008,
              37.350269000813796
            ],
            [
              107.25019799993782,
              37.33293900023472
            ],
            [
              107.25585900019274,
              37.31052800006722
            ],
            [
              107.26240499989092,
              37.29597500074573
            ],
            [
              107.27284200005829,
              37.290318000675256
            ],
            [
              107.29570800052386,
              37.26490800070371
            ],
            [
              107.3024900003133,
              37.25022500078319
            ],
            [
              107.30305500028811,
              37.23554200086272
            ],
            [
              107.30079600043514,
              37.2321550002531
            ],
            [
              107.27510099991127,
              37.23836500064431
            ],
            [
              107.25703400041887,
              37.23243700066712
            ],
            [
              107.25336500029461,
              37.22735600017933
            ],
            [
              107.25703400041887,
              37.22312200008031
            ],
            [
              107.28018200039907,
              37.21747600051708
            ],
            [
              107.30757099990177,
              37.1991230004262
            ],
            [
              107.31124100007213,
              37.20279300059656
            ],
            [
              107.32924700034886,
              37.1686900008429
            ],
            [
              107.3238220001852,
              37.1304470008285
            ],
            [
              107.30010199990744,
              37.10326000074849
            ],
            [
              107.26911199981902,
              37.1304360003212
            ],
            [
              107.28005199980004,
              37.09758000051664
            ],
            [
              107.27954100051682,
              37.08655200007479
            ],
            [
              107.27139300068649,
              37.08225300057558
            ],
            [
              107.2601780006143,
              37.10199000063807
            ],
            [
              107.22682900055798,
              37.10152100059378
            ],
            [
              107.19516000063356,
              37.129482000394034
            ],
            [
              107.15986599991601,
              37.148857000849944
            ],
            [
              107.13099700051123,
              37.1346050001207
            ],
            [
              107.09215599989955,
              37.12457300064352
            ],
            [
              107.06668799995128,
              37.12492400064218
            ],
            [
              107.04204600032273,
              37.134247000698565
            ],
            [
              107.02744300049415,
              37.134834000788544
            ],
            [
              107.02365100009365,
              37.12878000039677
            ],
            [
              107.0239100003463,
              37.11317400018004
            ],
            [
              107.01198599995399,
              37.110840000465714
            ],
            [
              106.99809300049162,
              37.115574000239974
            ],
            [
              106.95860300052811,
              37.11627200005279
            ],
            [
              106.91882300068102,
              37.14036200030614
            ],
            [
              106.89364600066244,
              37.14826200039107
            ],
            [
              106.8832549999184,
              37.14296000050365
            ],
            [
              106.89601100000772,
              37.12283700062716
            ],
            [
              106.8954850000328,
              37.11387199999285
            ],
            [
              106.88784000001607,
              37.10404600012288
            ],
            [
              106.86068700060463,
              37.11143100074014
            ],
            [
              106.79940000001005,
              37.151260000148966
            ],
            [
              106.78120399996472,
              37.15563600050109
            ],
            [
              106.75828500065234,
              37.14152100069367
            ],
            [
              106.76075800048142,
              37.10737600080182
            ],
            [
              106.75632500019867,
              37.09624900029121
            ],
            [
              106.74825300027578,
              37.09053400024396
            ],
            [
              106.71762899997844,
              37.120529000313184
            ],
            [
              106.69799099998471,
              37.125309000410084
            ],
            [
              106.68268600015887,
              37.114590000728015
            ],
            [
              106.66815199991493,
              37.11329600041012
            ],
            [
              106.65354200066287,
              37.128075000261106
            ],
            [
              106.63774100044685,
              37.12261200014376
            ],
            [
              106.62580100021603,
              37.13493000071901
            ],
            [
              106.61186200043102,
              37.13991700046927
            ]
          ]
        ]
      },
      "properties": {
        "OBJECTID_1": 3,
        "FID_中国": 472,
        "LAYER": "Unknown Area Type",
        "name": "盐池县",
        "gb": 156640323,
        "FID_quansh": 3,
        "OBJECTID": 4,
        "FID_Export": 0,
        "LAYER_1": "Unknown Area Type",
        "name_1": "宁夏回族自治区",
        "gb_1": 156640000,
        "FID_中_1": 246,
        "LAYER_12": "Unknown Area Type",
        "name_12": "吴忠市",
        "gb_12": 156640300,
        "Shape_Leng": 11.9931419936,
        "Shape_Le_1": 5.15649114025,
        "Shape_Area": 0.667859406358
      }
    },
    {
      "type": "Feature",
      "geometry": {
        "bbox": [
          106.05027000026035,
          37.593032000226685,
          106.54625800040644,
          38.069422000425035
        ],
        "type": "Polygon",
        "coordinates": [
          [
            [
              106.54625800040645,
              37.60022500008375
            ],
            [
              106.52611999983816,
              37.60268100002816
            ],
            [
              106.49611100002267,
              37.593032000226685
            ],
            [
              106.44584100026202,
              37.612950000542135
            ],
            [
              106.43973300007798,
              37.6100750001612
            ],
            [
              106.4204520003596,
              37.616715000596855
            ],
            [
              106.41386600061549,
              37.60952900016327
            ],
            [
              106.37723900047956,
              37.60871500039701
            ],
            [
              106.32050200016721,
              37.60975000046221
            ],
            [
              106.29638900065191,
              37.61866800072772
            ],
            [
              106.28267000022038,
              37.60977700080798
            ],
            [
              106.2712120006334,
              37.613648000355
            ],
            [
              106.26363300006295,
              37.60349300060153
            ],
            [
              106.22260900040511,
              37.600173000383734
            ],
            [
              106.16958600049361,
              37.61547500007123
            ],
            [
              106.12618199989942,
              37.61523200055643
            ],
            [
              106.09646600010586,
              37.62466500028962
            ],
            [
              106.08329699985671,
              37.620574000489796
            ],
            [
              106.07271500019715,
              37.62933000047917
            ],
            [
              106.08664700055868,
              37.644876000626994
            ],
            [
              106.10141100061725,
              37.6795820003091
            ],
            [
              106.09920600055653,
              37.708862000680824
            ],
            [
              106.12950600030172,
              37.858258000406465
            ],
            [
              106.09961899981704,
              37.87252600007491
            ],
            [
              106.10271900068142,
              37.88356800026304
            ],
            [
              106.119003000688,
              37.894567000266875
            ],
            [
              106.11648700067462,
              37.911195000848636
            ],
            [
              106.09941000007149,
              37.92080500065032
            ],
            [
              106.07849600059001,
              37.92044700032886
            ],
            [
              106.06110100061073,
              37.926138000168635
            ],
            [
              106.05027000026035,
              37.93660700001311
            ],
            [
              106.05070500053542,
              37.949640000285854
            ],
            [
              106.08042600055956,
              37.95687700037331
            ],
            [
              106.11038000053668,
              37.982836000481086
            ],
            [
              106.1281060004916,
              37.981147999980294
            ],
            [
              106.14656700016702,
              38.002461000774645
            ],
            [
              106.17648100009814,
              38.01626100044484
            ],
            [
              106.19562400064717,
              38.04483000040426
            ],
            [
              106.194316000583,
              38.06384600049256
            ],
            [
              106.20260400057424,
              38.06942200042505
            ],
            [
              106.22474000065057,
              38.057351000448364
            ],
            [
              106.23408700001511,
              38.03623800078316
            ],
            [
              106.24274299988957,
              38.03690700015801
            ],
            [
              106.23457500003627,
              38.0448710004963
            ],
            [
              106.2605659998211,
              38.042796000135354
            ],
            [
              106.26137100007169,
              38.023818000000745
            ],
            [
              106.26017300058358,
              38.01866500068928
            ],
            [
              106.25209000015343,
              38.01818800027604
            ],
            [
              106.25434100053678,
              38.008909000450046
            ],
            [
              106.26159100032449,
              38.00318800012616
            ],
            [
              106.2620030004382,
              37.99206600074541
            ],
            [
              106.27140300044817,
              37.988660000158916
            ],
            [
              106.27900900046507,
              37.99326800041791
            ],
            [
              106.29237000057515,
              37.97706000031883
            ],
            [
              106.30961399988627,
              37.96732000081744
            ],
            [
              106.29748399988677,
              37.954068000338
            ],
            [
              106.28817400042982,
              37.95417300068351
            ],
            [
              106.30007999999208,
              37.94226800026803
            ],
            [
              106.33083099985083,
              37.94175800013164
            ],
            [
              106.33229100062925,
              37.92317700031839
            ],
            [
              106.35502000017294,
              37.924965000034774
            ],
            [
              106.35061700037431,
              37.89357900057047
            ],
            [
              106.35777200027763,
              37.893324000502275
            ],
            [
              106.35423399989924,
              37.88606700039179
            ],
            [
              106.34045200015976,
              37.87228800079066
            ],
            [
              106.27970600023178,
              37.868896000849816
            ],
            [
              106.27400199979252,
              37.85515900048756
            ],
            [
              106.27985900009281,
              37.83393300010795
            ],
            [
              106.30119600019532,
              37.81422300039122
            ],
            [
              106.33812900005337,
              37.807617000624134
            ],
            [
              106.38874700057369,
              37.7580689999844
            ],
            [
              106.42606500019969,
              37.736128000806616
            ],
            [
              106.44768800000128,
              37.70832900038312
            ],
            [
              106.4734330001329,
              37.69589000052315
            ],
            [
              106.49658000006701,
              37.67018000020688
            ],
            [
              106.51166300044719,
              37.66069000054313
            ],
            [
              106.52545599979459,
              37.63891300083435
            ],
            [
              106.52906499984994,
              37.62296800027303
            ],
            [
              106.54625800040645,
              37.60022500008375
            ]
          ]
        ]
      },
      "properties": {
        "OBJECTID_1": 4,
        "FID_中国": 532,
        "LAYER": "Unknown Area Type",
        "name": "利通区",
        "gb": 156640302,
        "FID_quansh": 3,
        "OBJECTID": 4,
        "FID_Export": 0,
        "LAYER_1": "Unknown Area Type",
        "name_1": "宁夏回族自治区",
        "gb_1": 156640000,
        "FID_中_1": 246,
        "LAYER_12": "Unknown Area Type",
        "name_12": "吴忠市",
        "gb_12": 156640300,
        "Shape_Leng": 11.9931419936,
        "Shape_Le_1": 1.98687542037,
        "Shape_Area": 0.112963630628
      }
    },
    {
      "type": "Feature",
      "geometry": {
        "bbox": [
          105.72987199999284,
          37.07379200070034,
          106.69963800039343,
          37.6293300004792
        ],
        "type": "Polygon",
        "coordinates": [
          [
            [
              106.54625800040645,
              37.60022500008375
            ],
            [
              106.56614100000718,
              37.593536000086374
            ],
            [
              106.5883950001292,
              37.583080999988226
            ],
            [
              106.6043019998375,
              37.559287000794484
            ],
            [
              106.63204400033045,
              37.530469000144315
            ],
            [
              106.65818900002239,
              37.48439900071339
            ],
            [
              106.64599500066879,
              37.47083100005068
            ],
            [
              106.64656199983648,
              37.410189000422065
            ],
            [
              106.65172400046231,
              37.40526400083303
            ],
            [
              106.67224400066016,
              37.404679999982086
            ],
            [
              106.67977499991639,
              37.39907400046479
            ],
            [
              106.69963800039348,
              37.34770600043163
            ],
            [
              106.67523600014135,
              37.335626000039895
            ],
            [
              106.62527300014892,
              37.34147000064007
            ],
            [
              106.62477899985102,
              37.33411900069137
            ],
            [
              106.60372700030086,
              37.33402200071481
            ],
            [
              106.58195100063824,
              37.32786500006972
            ],
            [
              106.5755550006628,
              37.318232000106775
            ],
            [
              106.51294300011944,
              37.32001400044584
            ],
            [
              106.51378300018536,
              37.32443600022129
            ],
            [
              106.49075500034303,
              37.32981400001614
            ],
            [
              106.49471400035088,
              37.35154300020935
            ],
            [
              106.49298599980409,
              37.37907800014966
            ],
            [
              106.50650900019025,
              37.38046800039797
            ],
            [
              106.48250100012115,
              37.38327100015658
            ],
            [
              106.47328300041022,
              37.38757100060127
            ],
            [
              106.46318700067962,
              37.40062200080473
            ],
            [
              106.45663899998993,
              37.39747500047093
            ],
            [
              106.46238999989862,
              37.38694400046529
            ],
            [
              106.43769899980907,
              37.368172000837205
            ],
            [
              106.44797000041524,
              37.35951900020177
            ],
            [
              106.43758199980948,
              37.35419700029138
            ],
            [
              106.42039000019844,
              37.35307100052631
            ],
            [
              106.41483200019672,
              37.357953999977155
            ],
            [
              106.33367999993209,
              37.32851100018257
            ],
            [
              106.31914800067977,
              37.335162000226205
            ],
            [
              106.30863400055875,
              37.34846700045176
            ],
            [
              106.28748700022493,
              37.36190700060763
            ],
            [
              106.28487600032719,
              37.358509000390086
            ],
            [
              106.27460799985937,
              37.36314900032613
            ],
            [
              106.26856900015929,
              37.3594600001789
            ],
            [
              106.2592900003333,
              37.365751000708144
            ],
            [
              106.26087000035028,
              37.35746800004824
            ],
            [
              106.26630099989131,
              37.35436700003709
            ],
            [
              106.25704600027274,
              37.35533500060984
            ],
            [
              106.25717000059514,
              37.3486180002206
            ],
            [
              106.24855599995948,
              37.351635000854685
            ],
            [
              106.2480160002383,
              37.343143000449174
            ],
            [
              106.25441100016758,
              37.33826200019121
            ],
            [
              106.24422000055262,
              37.33635700047523
            ],
            [
              106.24193800053837,
              37.32276200036608
            ],
            [
              106.25241900003687,
              37.285927000530705
            ],
            [
              106.26451000003652,
              37.27427600013738
            ],
            [
              106.26225400032195,
              37.24379300004699
            ],
            [
              106.26441600019831,
              37.23985400006211
            ],
            [
              106.26993600024629,
              37.24407500046095
            ],
            [
              106.30529800050238,
              37.23125900030266
            ],
            [
              106.32708000044177,
              37.16121300047962
            ],
            [
              106.33391600002346,
              37.15585000047719
            ],
            [
              106.34211500040698,
              37.12904900021124
            ],
            [
              106.32660099993626,
              37.11920700050274
            ],
            [
              106.29643199993689,
              37.117448000325
            ],
            [
              106.26865999985915,
              37.10251600061298
            ],
            [
              106.24759699980177,
              37.105171000741166
            ],
            [
              106.24360299997852,
              37.09800600037665
            ],
            [
              106.25787200059239,
              37.07881800045044
            ],
            [
              106.25752000054764,
              37.07379200070034
            ],
            [
              106.24926900046405,
              37.08170900066989
            ],
            [
              106.2445510005283,
              37.07995500072275
            ],
            [
              106.23658400005161,
              37.08508500077221
            ],
            [
              106.2251699997957,
              37.097119000841246
            ],
            [
              106.18712100063375,
              37.09854900023623
            ],
            [
              106.16722300034127,
              37.09301800058029
            ],
            [
              106.09066000035881,
              37.1186889999974
            ],
            [
              106.07537799979491,
              37.12688800038097
            ],
            [
              106.05977799985487,
              37.15272600030471
            ],
            [
              106.06212300007644,
              37.16641800039048
            ],
            [
              106.04752200034011,
              37.175815000262105
            ],
            [
              106.00246700005209,
              37.17671900058144
            ],
            [
              105.98593400025396,
              37.16914800037995
            ],
            [
              105.97983400043881,
              37.16096700082648
            ],
            [
              105.95892000005801,
              37.16736700008704
            ],
            [
              105.94464900025122,
              37.1620170006841
            ],
            [
              105.91167200026268,
              37.163489000217226
            ],
            [
              105.87583300049266,
              37.178415000551865
            ],
            [
              105.85922599997997,
              37.17519900063343
            ],
            [
              105.81213100004567,
              37.18055900049751
            ],
            [
              105.79558800068577,
              37.17450000077446
            ],
            [
              105.77706000061858,
              37.201206000256775
            ],
            [
              105.77392700003111,
              37.20047400067466
            ],
            [
              105.77056100038993,
              37.20575900067741
            ],
            [
              105.7792089998955,
              37.212488000720725
            ],
            [
              105.77116000013393,
              37.21649600029025
            ],
            [
              105.75940100015612,
              37.23860300082788
            ],
            [
              105.75255600015936,
              37.24333000027934
            ],
            [
              105.74350199991744,
              37.27191900026173
            ],
            [
              105.72987199999284,
              37.289413000309764
            ],
            [
              105.77191100059224,
              37.30143000049418
            ],
            [
              105.78769600007041,
              37.31033700025239
            ],
            [
              105.79034200068287,
              37.31874700047376
            ],
            [
              105.92094400066514,
              37.307580000816415
            ],
            [
              105.94245400065165,
              37.32921100008764
            ],
            [
              105.92244999996757,
              37.346511000182545
            ],
            [
              105.9025290004131,
              37.34908600021879
            ],
            [
              105.84085299986612,
              37.37929900044856
            ],
            [
              105.8435150003171,
              37.39416899999941
            ],
            [
              105.88042600005991,
              37.392827000165994
            ],
            [
              105.87148000030186,
              37.41544100070166
            ],
            [
              105.88190299982364,
              37.42441300075944
            ],
            [
              105.90975299990106,
              37.431292000525445
            ],
            [
              105.91762600053954,
              37.42651700065909
            ],
            [
              105.93060500012069,
              37.42683800017363
            ],
            [
              105.9340690006839,
              37.433322000609905
            ],
            [
              105.93254700064364,
              37.44581600030824
            ],
            [
              105.9796400004857,
              37.45103100068019
            ],
            [
              105.96911399981133,
              37.46397700053819
            ],
            [
              105.95040900057495,
              37.47225500006823
            ],
            [
              105.97692000005804,
              37.47792400069216
            ],
            [
              105.99198800064579,
              37.47269100038944
            ],
            [
              106.00687400003511,
              37.48306300025729
            ],
            [
              106.01290800040397,
              37.49853500058987
            ],
            [
              106.02873900020478,
              37.507683000670006
            ],
            [
              106.03042100042887,
              37.51787500033106
            ],
            [
              106.04141300010991,
              37.51694900079582
            ],
            [
              106.05148500053241,
              37.52367899998592
            ],
            [
              106.07172800054684,
              37.526188000575814
            ],
            [
              106.05454100026702,
              37.54590100043089
            ],
            [
              106.02841000032134,
              37.55320700010304
            ],
            [
              106.02609899986902,
              37.563707000477734
            ],
            [
              105.99888300025032,
              37.59195300083036
            ],
            [
              106.00079600033519,
              37.60919400000313
            ],
            [
              106.01708999990365,
              37.60886000078847
            ],
            [
              106.05073700021245,
              37.610168999999416
            ],
            [
              106.07271500019715,
              37.62933000047917
            ],
            [
              106.08329699985671,
              37.620574000489796
            ],
            [
              106.09646600010586,
              37.62466500028962
            ],
            [
              106.12618199989942,
              37.61523200055643
            ],
            [
              106.16958600049361,
              37.61547500007123
            ],
            [
              106.22260900040511,
              37.600173000383734
            ],
            [
              106.26363300006295,
              37.60349300060153
            ],
            [
              106.2712120006334,
              37.613648000355
            ],
            [
              106.28267000022038,
              37.60977700080798
            ],
            [
              106.29638900065191,
              37.61866800072772
            ],
            [
              106.32050200016721,
              37.60975000046221
            ],
            [
              106.37723900047956,
              37.60871500039701
            ],
            [
              106.41386600061549,
              37.60952900016327
            ],
            [
              106.4204520003596,
              37.616715000596855
            ],
            [
              106.43973300007798,
              37.6100750001612
            ],
            [
              106.44584100026202,
              37.612950000542135
            ],
            [
              106.49611100002267,
              37.593032000226685
            ],
            [
              106.52611999983816,
              37.60268100002816
            ],
            [
              106.54625800040645,
              37.60022500008375
            ]
          ]
        ]
      },
      "properties": {
        "OBJECTID_1": 5,
        "FID_中国": 535,
        "LAYER": "Unknown Area Type",
        "name": "红寺堡区",
        "gb": 156640303,
        "FID_quansh": 3,
        "OBJECTID": 4,
        "FID_Export": 0,
        "LAYER_1": "Unknown Area Type",
        "name_1": "宁夏回族自治区",
        "gb_1": 156640000,
        "FID_中_1": 246,
        "LAYER_12": "Unknown Area Type",
        "name_12": "吴忠市",
        "gb_12": 156640300,
        "Shape_Leng": 11.9931419936,
        "Shape_Le_1": 3.54184567742,
        "Shape_Area": 0.28055548787
      }
    },
    {
      "type": "Feature",
      "geometry": {
        "bbox": [
          105.59662000011298,
          37.60886000078847,
          106.22550700004808,
          38.26360100048585
        ],
        "type": "Polygon",
        "coordinates": [
          [
            [
              106.21470199999737,
              38.132474000574746
            ],
            [
              106.21561900001689,
              38.12113000084889
            ],
            [
              106.22550700004808,
              38.10390600066148
            ],
            [
              106.2213140000411,
              38.09710200075676
            ],
            [
              106.20927799987989,
              38.09194600040763
            ],
            [
              106.20260400057424,
              38.06942200042505
            ],
            [
              106.194316000583,
              38.06384600049256
            ],
            [
              106.19562400064717,
              38.04483000040426
            ],
            [
              106.17648100009814,
              38.01626100044484
            ],
            [
              106.14656700016702,
              38.002461000774645
            ],
            [
              106.1281060004916,
              37.981147999980294
            ],
            [
              106.11038000053668,
              37.982836000481086
            ],
            [
              106.08042600055956,
              37.95687700037331
            ],
            [
              106.05070500053542,
              37.949640000285854
            ],
            [
              106.05027000026035,
              37.93660700001311
            ],
            [
              106.06110100061073,
              37.926138000168635
            ],
            [
              106.07849600059001,
              37.92044700032886
            ],
            [
              106.09941000007149,
              37.92080500065032
            ],
            [
              106.11648700067462,
              37.911195000848636
            ],
            [
              106.119003000688,
              37.894567000266875
            ],
            [
              106.10271900068142,
              37.88356800026304
            ],
            [
              106.09961899981704,
              37.87252600007491
            ],
            [
              106.12950600030172,
              37.858258000406465
            ],
            [
              106.09920600055653,
              37.708862000680824
            ],
            [
              106.10141100061725,
              37.6795820003091
            ],
            [
              106.08664700055868,
              37.644876000626994
            ],
            [
              106.07271500019715,
              37.62933000047917
            ],
            [
              106.05073700021245,
              37.610168999999416
            ],
            [
              106.01708999990365,
              37.60886000078847
            ],
            [
              106.02179900032365,
              37.63933000027936
            ],
            [
              106.01454500035152,
              37.64959500060883
            ],
            [
              106.0241960002453,
              37.66433800059832
            ],
            [
              106.028082000484,
              37.68134800080964
            ],
            [
              105.9915070000481,
              37.75642200047497
            ],
            [
              105.95920400056423,
              37.75647800035949
            ],
            [
              105.9337779998549,
              37.696127000660624
            ],
            [
              105.92296400028846,
              37.68519700024143
            ],
            [
              105.9260140006457,
              37.656793000696496
            ],
            [
              105.9036279998324,
              37.63840400074412
            ],
            [
              105.9012760001873,
              37.63040900077482
            ],
            [
              105.88988900027721,
              37.62972400066218
            ],
            [
              105.88104000049566,
              37.6445750002361
            ],
            [
              105.88830700016797,
              37.64866600003592
            ],
            [
              105.89301899982706,
              37.65864700075855
            ],
            [
              105.88778700046976,
              37.67669600032019
            ],
            [
              105.89612199993041,
              37.68139200014076
            ],
            [
              105.90643300058258,
              37.70107900059543
            ],
            [
              105.89973600021631,
              37.73929600031022
            ],
            [
              105.88772500030859,
              37.7354650008092
            ],
            [
              105.8483300002294,
              37.739004000334376
            ],
            [
              105.83976199991645,
              37.728061000215064
            ],
            [
              105.8237440004853,
              37.73473700051221
            ],
            [
              105.78010599989204,
              37.73824100022205
            ],
            [
              105.75221899990697,
              37.72696100074961
            ],
            [
              105.71077200052747,
              37.73058200045898
            ],
            [
              105.66520000067953,
              37.72189000072302
            ],
            [
              105.64887899986599,
              37.71592500083818
            ],
            [
              105.644602000482,
              37.709586000793365
            ],
            [
              105.59662000011298,
              37.70700800061877
            ],
            [
              105.61155700005554,
              37.71889500020416
            ],
            [
              105.6110150002421,
              37.75345600039418
            ],
            [
              105.61850700039781,
              37.77825900025272
            ],
            [
              105.64263899988998,
              37.778759000827286
            ],
            [
              105.65969100023955,
              37.7679630002923
            ],
            [
              105.72752400053224,
              37.79448700037483
            ],
            [
              105.76664000033583,
              37.79398300051514
            ],
            [
              105.76790600026175,
              37.819221000648724
            ],
            [
              105.80096400038838,
              37.860611000097606
            ],
            [
              105.7986909998898,
              37.89190700080752
            ],
            [
              105.79061899996691,
              37.90932100076361
            ],
            [
              105.79768400021652,
              37.93783900016979
            ],
            [
              105.79515800064127,
              37.95626399998366
            ],
            [
              105.8191380003185,
              37.97670700022792
            ],
            [
              105.83553300004797,
              38.001305000525406
            ],
            [
              105.83579300034677,
              38.00751500001729
            ],
            [
              105.77878199998935,
              38.08093500074972
            ],
            [
              105.76770000065454,
              38.10724600000293
            ],
            [
              105.76368000053168,
              38.13398000077649
            ],
            [
              105.77106500024962,
              38.18635600052903
            ],
            [
              105.77893799998878,
              38.20223200060639
            ],
            [
              105.7929840002115,
              38.216698000412464
            ],
            [
              105.84074400023547,
              38.24213799996875
            ],
            [
              105.85495199983501,
              38.263601000485835
            ],
            [
              105.88903600051106,
              38.25975400024697
            ],
            [
              105.89751600036317,
              38.2475640001785
            ],
            [
              105.90724700034883,
              38.242288000590804
            ],
            [
              105.96643900055949,
              38.22218500073723
            ],
            [
              105.92684700038882,
              38.14459000082792
            ],
            [
              105.95896800047291,
              38.13986200043104
            ],
            [
              105.98165100059327,
              38.187232000456504
            ],
            [
              105.99822500048344,
              38.17979100085404
            ],
            [
              106.00841400000616,
              38.18695400022699
            ],
            [
              106.03663900028971,
              38.17557700077799
            ],
            [
              106.05548100044786,
              38.18859700045124
            ],
            [
              106.05671699988972,
              38.19914600038766
            ],
            [
              106.07447500042099,
              38.211093000041956
            ],
            [
              106.08118999981872,
              38.207935000100235
            ],
            [
              106.07784100006216,
              38.19824500020667
            ],
            [
              106.07364100063171,
              38.19798800004622
            ],
            [
              106.07270500063532,
              38.18342500026358
            ],
            [
              106.08933800054837,
              38.18193900008481
            ],
            [
              106.0917320003316,
              38.18594100027701
            ],
            [
              106.1064700000905,
              38.181610000201374
            ],
            [
              106.10378300028532,
              38.17295100018856
            ],
            [
              106.12047900040562,
              38.16923500059488
            ],
            [
              106.12248600032872,
              38.144363000252326
            ],
            [
              106.13923100001068,
              38.15839000049817
            ],
            [
              106.14926300038724,
              38.1600100005611
            ],
            [
              106.20116900004939,
              38.13181800000075
            ],
            [
              106.21470199999737,
              38.132474000574746
            ]
          ]
        ]
      },
      "properties": {
        "OBJECTID_1": 6,
        "FID_中国": 740,
        "LAYER": "Unknown Area Type",
        "name": "青铜峡市",
        "gb": 156640381,
        "FID_quansh": 3,
        "OBJECTID": 4,
        "FID_Export": 0,
        "LAYER_1": "Unknown Area Type",
        "name_1": "宁夏回族自治区",
        "gb_1": 156640000,
        "FID_中_1": 246,
        "LAYER_12": "Unknown Area Type",
        "name_12": "吴忠市",
        "gb_12": 156640300,
        "Shape_Leng": 11.9931419936,
        "Shape_Le_1": 2.99528984047,
        "Shape_Area": 0.186685682828
      }
    },
    {
      "type": "Feature",
      "geometry": {
        "bbox": [
          105.19794499996186,
          36.12154000037077,
          106.4526440001206,
          36.93502400005761
        ],
        "type": "Polygon",
        "coordinates": [
          [
            [
              106.4376570005702,
              36.62499700051121
            ],
            [
              106.43274699987421,
              36.61660800035901
            ],
            [
              106.44984400050026,
              36.58884400065017
            ],
            [
              106.45264400012059,
              36.57629400016805
            ],
            [
              106.44644900042107,
              36.561890000523135
            ],
            [
              106.42697900008085,
              36.559051000003706
            ],
            [
              106.41240699988322,
              36.56782500082318
            ],
            [
              106.39091499982743,
              36.572269000713845
            ],
            [
              106.3708570002504,
              36.56986600051556
            ],
            [
              106.36367800013966,
              36.5781550005529
            ],
            [
              106.35654500035156,
              36.57909799997276
            ],
            [
              106.35313400043384,
              36.572571000251514
            ],
            [
              106.37255100012864,
              36.55062900012831
            ],
            [
              106.39859799979791,
              36.53920000007997
            ],
            [
              106.4145270005207,
              36.52576200001636
            ],
            [
              106.40761600017834,
              36.51878100004319
            ],
            [
              106.40906400040336,
              36.50283300024285
            ],
            [
              106.36396399983882,
              36.51797500064583
            ],
            [
              106.34047700041327,
              36.49825100028346
            ],
            [
              106.31635200034458,
              36.484721000473826
            ],
            [
              106.30791799991584,
              36.47628400080606
            ],
            [
              106.30716700035686,
              36.45044300074392
            ],
            [
              106.31271100061224,
              36.449934000653684
            ],
            [
              106.32291299983513,
              36.45747700046326
            ],
            [
              106.31019400055277,
              36.43704300063405
            ],
            [
              106.31069200013576,
              36.40809900046855
            ],
            [
              106.28887700047324,
              36.4131700004952
            ],
            [
              106.28210200010727,
              36.40825200032958
            ],
            [
              106.27554399985576,
              36.412703000543104
            ],
            [
              106.27045599994449,
              36.390714000051105
            ],
            [
              106.26472500005877,
              36.38349500079369
            ],
            [
              106.24975800053136,
              36.37900800071873
            ],
            [
              106.24193300030777,
              36.38330700021795
            ],
            [
              106.2075460000479,
              36.36388400024646
            ],
            [
              106.19377100063123,
              36.34956600007092
            ],
            [
              106.20850600025176,
              36.34878700012001
            ],
            [
              106.20976799999329,
              36.34178400003162
            ],
            [
              106.20375400054674,
              36.32811300001498
            ],
            [
              106.18347000044025,
              36.32579500013918
            ],
            [
              106.1690479999653,
              36.3352730001489
            ],
            [
              106.12678699992017,
              36.31780900058499
            ],
            [
              106.12335700002558,
              36.32211900059144
            ],
            [
              106.10964599996299,
              36.31980800013912
            ],
            [
              106.09602800059179,
              36.324010000561145
            ],
            [
              106.09186700026191,
              36.32943300063255
            ],
            [
              106.0800770006531,
              36.332224000737085
            ],
            [
              106.07187600017733,
              36.33115000067204
            ],
            [
              106.07164500031655,
              36.32391000044623
            ],
            [
              106.06500800001925,
              36.320898000042746
            ],
            [
              106.06615699994563,
              36.327252000779254
            ],
            [
              106.048534000244,
              36.330634000258954
            ],
            [
              106.0369999998502,
              36.326196000644984
            ],
            [
              106.0153729998641,
              36.327116000802846
            ],
            [
              106.01510500009573,
              36.31900499998079
            ],
            [
              106.00222799982238,
              36.316982000219184
            ],
            [
              105.99252400018253,
              36.30688900062694
            ],
            [
              105.97573900045455,
              36.310382000728794
            ],
            [
              105.96473700031237,
              36.29689700029638
            ],
            [
              105.9638950001542,
              36.28899700021145
            ],
            [
              105.97615900003791,
              36.27458900038209
            ],
            [
              105.98292000065754,
              36.24386400082301
            ],
            [
              106.00465700032038,
              36.19373000013945
            ],
            [
              105.9856650004395,
              36.19517800036448
            ],
            [
              105.98819300010695,
              36.19960300027827
            ],
            [
              105.98215800059131,
              36.206355000482915
            ],
            [
              105.96499700061116,
              36.20801900077629
            ],
            [
              105.95986500046945,
              36.214240000775476
            ],
            [
              105.93340000040973,
              36.2228430000045
            ],
            [
              105.92142300027132,
              36.2184310006902
            ],
            [
              105.89283000010448,
              36.22048100079758
            ],
            [
              105.88159000067805,
              36.21737700064813
            ],
            [
              105.87577500051594,
              36.20089000027332
            ],
            [
              105.88167700019346,
              36.18283400038888
            ],
            [
              105.85763100017056,
              36.16657400058972
            ],
            [
              105.85060599996702,
              36.15102400025745
            ],
            [
              105.83558400060122,
              36.14306900033415
            ],
            [
              105.8152170002644,
              36.12154000037077
            ],
            [
              105.80084300020434,
              36.141998000407455
            ],
            [
              105.78031500053692,
              36.137928000676766
            ],
            [
              105.77277100068119,
              36.14082900045804
            ],
            [
              105.76080300005846,
              36.13301799998078
            ],
            [
              105.75214500009173,
              36.13514200080277
            ],
            [
              105.7739280000772,
              36.15568200012427
            ],
            [
              105.76743900030966,
              36.17481300011991
            ],
            [
              105.7548800003118,
              36.18060000078947
            ],
            [
              105.7145380006283,
              36.174231000260534
            ],
            [
              105.68990999984669,
              36.15143900050953
            ],
            [
              105.67940600018682,
              36.14875400079654
            ],
            [
              105.67442599986009,
              36.1570600007185
            ],
            [
              105.66057400048982,
              36.161704000838995
            ],
            [
              105.64171900063144,
              36.1763580003215
            ],
            [
              105.60349999992513,
              36.22108100058773
            ],
            [
              105.60059700005155,
              36.23017700006852
            ],
            [
              105.58396900036911,
              36.236376000851806
            ],
            [
              105.5646360000514,
              36.23021900020677
            ],
            [
              105.55430800041393,
              36.21550200051695
            ],
            [
              105.54332600029471,
              36.218514000021116
            ],
            [
              105.51529299987209,
              36.20494200007329
            ],
            [
              105.50870800017412,
              36.207321000064155
            ],
            [
              105.49214800003023,
              36.19034100033696
            ],
            [
              105.48711700004958,
              36.190885000242645
            ],
            [
              105.4789730004037,
              36.20869800061229
            ],
            [
              105.46362300030131,
              36.22559000077797
            ],
            [
              105.4573440003254,
              36.246948000050224
            ],
            [
              105.46070100045085,
              36.26291700081896
            ],
            [
              105.47427400044484,
              36.283390000648076
            ],
            [
              105.47172499980894,
              36.29363200081622
            ],
            [
              105.44831900052151,
              36.32263199996686
            ],
            [
              105.43043500047497,
              36.32446700005204
            ],
            [
              105.42058300030527,
              36.33094800034996
            ],
            [
              105.4195630000325,
              36.3392720002027
            ],
            [
              105.39958999987863,
              36.3574640000636
            ],
            [
              105.3969420000733,
              36.36925900080229
            ],
            [
              105.41043099979089,
              36.36992600008489
            ],
            [
              105.41409300049162,
              36.37688800008118
            ],
            [
              105.40876800044293,
              36.383286000148814
            ],
            [
              105.39657600028228,
              36.38440300039821
            ],
            [
              105.39181500016218,
              36.40720000037976
            ],
            [
              105.39341700029439,
              36.42981000073098
            ],
            [
              105.37812800030702,
              36.44054400020548
            ],
            [
              105.36389200031562,
              36.430901000680706
            ],
            [
              105.35738400057124,
              36.439247000648606
            ],
            [
              105.36570000005503,
              36.46115500010325
            ],
            [
              105.36057300014392,
              36.46963100067018
            ],
            [
              105.36167200046253,
              36.48838000013694
            ],
            [
              105.35120400066415,
              36.502899000588464
            ],
            [
              105.32600400048432,
              36.52292600053454
            ],
            [
              105.31668899989751,
              36.53560600071643
            ],
            [
              105.29798100052284,
              36.523476000716926
            ],
            [
              105.2765580000517,
              36.52177000028536
            ],
            [
              105.25515700059515,
              36.533188000725715
            ],
            [
              105.24394200052296,
              36.54715000067205
            ],
            [
              105.2467650003046,
              36.55390500011572
            ],
            [
              105.27066800002825,
              36.56244300084387
            ],
            [
              105.26576200041603,
              36.592739000404606
            ],
            [
              105.23697700038832,
              36.624832000096774
            ],
            [
              105.21515700049525,
              36.63058100081259
            ],
            [
              105.2232210000492,
              36.65905800012666
            ],
            [
              105.20224000017595,
              36.6799090003002
            ],
            [
              105.19794499996186,
              36.70455199997485
            ],
            [
              105.21593700049226,
              36.70436800048287
            ],
            [
              105.24325700041032,
              36.69315000027234
            ],
            [
              105.25987200039259,
              36.69325600066396
            ],
            [
              105.27919300015691,
              36.68256600052058
            ],
            [
              105.30702000007301,
              36.71757100050132
            ],
            [
              105.3123930005366,
              36.707111000172574
            ],
            [
              105.31198100042292,
              36.69671800023559
            ],
            [
              105.32381400021598,
              36.68111400011105
            ],
            [
              105.34220300016841,
              36.679582000508965
            ],
            [
              105.35142299997153,
              36.664004000684145
            ],
            [
              105.35848099989829,
              36.667933000207825
            ],
            [
              105.3734340005787,
              36.6907449999818
            ],
            [
              105.39752099979438,
              36.70299600016534
            ],
            [
              105.39669300028181,
              36.71792500063833
            ],
            [
              105.40423700013753,
              36.72449900072838
            ],
            [
              105.4337559998396,
              36.71090900084977
            ],
            [
              105.44934500017166,
              36.71009099999969
            ],
            [
              105.45433800019862,
              36.72883300004298
            ],
            [
              105.47499000018843,
              36.73595200008481
            ],
            [
              105.5102239999377,
              36.766803000058474
            ],
            [
              105.51638399982181,
              36.753939000384605
            ],
            [
              105.53350200051699,
              36.74963700074704
            ],
            [
              105.55314300064902,
              36.75971300045467
            ],
            [
              105.56403200007679,
              36.76012300047614
            ],
            [
              105.56588500009276,
              36.763654000531744
            ],
            [
              105.55522100024905,
              36.77223100036042
            ],
            [
              105.5531130001649,
              36.78067100016659
            ],
            [
              105.56782500052344,
              36.792375000306095
            ],
            [
              105.61912300002649,
              36.77156100004015
            ],
            [
              105.62930800026407,
              36.78675400009706
            ],
            [
              105.67077600061202,
              36.796218000360454
            ],
            [
              105.67436799988337,
              36.8119990005535
            ],
            [
              105.68074000055066,
              36.80851000063609
            ],
            [
              105.68838200042904,
              36.81652800076665
            ],
            [
              105.67740600058653,
              36.83010000071454
            ],
            [
              105.6736240006472,
              36.83399100028447
            ],
            [
              105.67591400013106,
              36.84024300081387
            ],
            [
              105.69340299994855,
              36.84620200042201
            ],
            [
              105.6852040004643,
              36.85961700032436
            ],
            [
              105.69384700063864,
              36.86614100080658
            ],
            [
              105.70558800068574,
              36.83673500002027
            ],
            [
              105.72096300014238,
              36.83271600084282
            ],
            [
              105.73330800016413,
              36.82385300041568
            ],
            [
              105.74031200029862,
              36.81812800080667
            ],
            [
              105.75644800067478,
              36.8362250007832
            ],
            [
              105.7798240003774,
              36.83314000061057
            ],
            [
              105.78513899996496,
              36.838853000565564
            ],
            [
              105.79242700060564,
              36.837420000132965
            ],
            [
              105.81558800028603,
              36.818131000045696
            ],
            [
              105.81840100050584,
              36.808564000428305
            ],
            [
              105.81533500031009,
              36.799119000141786
            ],
            [
              105.82165400033193,
              36.79463700029737
            ],
            [
              105.84446299996756,
              36.81072200012028
            ],
            [
              105.84979900052349,
              36.83281200077329
            ],
            [
              105.86176600020083,
              36.827139000864236
            ],
            [
              105.85637899999092,
              36.83641700064413
            ],
            [
              105.87538000028684,
              36.83739500077871
            ],
            [
              105.87706000041874,
              36.84534800060982
            ],
            [
              105.89511300016488,
              36.86210000061459
            ],
            [
              105.90343299983311,
              36.877165000164666
            ],
            [
              105.89089800004274,
              36.88894900039611
            ],
            [
              105.88809300019187,
              36.91433099997573
            ],
            [
              105.91607099987681,
              36.921397000271384
            ],
            [
              105.91379200000087,
              36.93183400043881
            ],
            [
              105.92237199996788,
              36.93502400005758
            ],
            [
              105.94522000050267,
              36.91515600024928
            ],
            [
              105.95412600021479,
              36.9183260007444
            ],
            [
              105.96023200030663,
              36.90821000009146
            ],
            [
              105.94983400013905,
              36.904046000522555
            ],
            [
              105.95468399986675,
              36.89988700028488
            ],
            [
              105.9612920006254,
              36.90299600066493
            ],
            [
              105.96892500008875,
              36.89537600000244
            ],
            [
              105.96241100006768,
              36.88231100005266
            ],
            [
              105.97867099986684,
              36.87112000018789
            ],
            [
              105.98066500008974,
              36.86071400055073
            ],
            [
              105.98416600056055,
              36.86619400055275
            ],
            [
              105.99090800030405,
              36.862334000613714
            ],
            [
              105.97271100021254,
              36.8483560008288
            ],
            [
              105.96782000039275,
              36.83912700061063
            ],
            [
              105.97552600052455,
              36.838990000588126
            ],
            [
              105.98755500036306,
              36.84637800044442
            ],
            [
              106.00959700060118,
              36.83164100073162
            ],
            [
              106.02730000039475,
              36.82619800063725
            ],
            [
              106.03500999981168,
              36.80721300017984
            ],
            [
              106.03119700024143,
              36.80233700015248
            ],
            [
              106.02414000036079,
              36.80192100075362
            ],
            [
              106.02833300036775,
              36.784188000475865
            ],
            [
              106.03552800031702,
              36.785755000792676
            ],
            [
              106.0607180000357,
              36.7723920005904
            ],
            [
              106.06437600055204,
              36.744837000627115
            ],
            [
              106.07250700049775,
              36.723946000407636
            ],
            [
              106.08956300013239,
              36.70308400062618
            ],
            [
              106.10306000021887,
              36.696410000421224
            ],
            [
              106.10366700033188,
              36.670861000334924
            ],
            [
              106.11474800051985,
              36.668465000459435
            ],
            [
              106.1179570001155,
              36.66221600006838
            ],
            [
              106.11823700043726,
              36.65356900060897
            ],
            [
              106.11137999988716,
              36.65158700004008
            ],
            [
              106.11315599994953,
              36.63990200077677
            ],
            [
              106.1296250003935,
              36.64418700052971
            ],
            [
              106.13873999985117,
              36.62932500044849
            ],
            [
              106.1506100004512,
              36.6225700001055
            ],
            [
              106.15135200049451,
              36.61249800058232
            ],
            [
              106.1392650006793,
              36.60713000034929
            ],
            [
              106.14808099983833,
              36.60025900005286
            ],
            [
              106.14625400012204,
              36.593757000585185
            ],
            [
              106.13985900019276,
              36.59123700038731
            ],
            [
              106.14697400005014,
              36.576562000835736
            ],
            [
              106.19326599982611,
              36.58979800057733
            ],
            [
              106.20250100032098,
              36.58793800023858
            ],
            [
              106.20803700020747,
              36.5915220000403
            ],
            [
              106.21097699998865,
              36.60983600013134
            ],
            [
              106.22819200066039,
              36.61230300058304
            ],
            [
              106.23961500043197,
              36.60931500038703
            ],
            [
              106.26220399981482,
              36.62580600004691
            ],
            [
              106.26972000017793,
              36.61842200037506
            ],
            [
              106.27302100041891,
              36.60434700061364
            ],
            [
              106.2798339998393,
              36.60276300041221
            ],
            [
              106.28792500063832,
              36.61027300049864
            ],
            [
              106.30623200040657,
              36.592392000590394
            ],
            [
              106.32745100046338,
              36.594684000166524
            ],
            [
              106.35976300036225,
              36.60933700050225
            ],
            [
              106.37323900037961,
              36.60658700048975
            ],
            [
              106.37916000003406,
              36.614191000414394
            ],
            [
              106.37709199999586,
              36.62244900082078
            ],
            [
              106.38568300047018,
              36.62393800023858
            ],
            [
              106.39881599995853,
              36.61800399998464
            ],
            [
              106.42592399999268,
              36.6289940004728
            ],
            [
              106.4376570005702,
              36.62499700051121
            ]
          ]
        ]
      },
      "properties": {
        "OBJECTID_1": 7,
        "FID_中国": 1182,
        "LAYER": "Unknown Area Type",
        "name": "海原县",
        "gb": 156640522,
        "FID_quansh": 1,
        "OBJECTID": 2,
        "FID_Export": 0,
        "LAYER_1": "Unknown Area Type",
        "name_1": "宁夏回族自治区",
        "gb_1": 156640000,
        "FID_中_1": 199,
        "LAYER_12": "Unknown Area Type",
        "name_12": "中卫市",
        "gb_12": 156640500,
        "Shape_Leng": 10.1744063845,
        "Shape_Le_1": 4.78236984296,
        "Shape_Area": 0.501542060298
      }
    },
    {
      "type": "Feature",
      "geometry": {
        "bbox": [
          105.26860900040509,
          36.82385300041568,
          106.07172800054684,
          37.75647800035947
        ],
        "type": "Polygon",
        "coordinates": [
          [
            [
              106.01708999990365,
              37.60886000078847
            ],
            [
              106.00079600033519,
              37.60919400000313
            ],
            [
              105.99888300025032,
              37.59195300083036
            ],
            [
              106.02609899986902,
              37.563707000477734
            ],
            [
              106.02841000032134,
              37.55320700010304
            ],
            [
              106.05454100026702,
              37.54590100043089
            ],
            [
              106.07172800054684,
              37.526188000575814
            ],
            [
              106.05148500053241,
              37.52367899998592
            ],
            [
              106.04141300010991,
              37.51694900079582
            ],
            [
              106.03042100042887,
              37.51787500033106
            ],
            [
              106.02873900020478,
              37.507683000670006
            ],
            [
              106.01290800040397,
              37.49853500058987
            ],
            [
              106.00687400003511,
              37.48306300025729
            ],
            [
              105.99198800064579,
              37.47269100038944
            ],
            [
              105.97692000005804,
              37.47792400069216
            ],
            [
              105.95040900057495,
              37.47225500006823
            ],
            [
              105.96911399981133,
              37.46397700053819
            ],
            [
              105.9796400004857,
              37.45103100068019
            ],
            [
              105.93254700064364,
              37.44581600030824
            ],
            [
              105.9340690006839,
              37.433322000609905
            ],
            [
              105.93060500012069,
              37.42683800017363
            ],
            [
              105.91762600053954,
              37.42651700065909
            ],
            [
              105.90975299990106,
              37.431292000525445
            ],
            [
              105.88190299982364,
              37.42441300075944
            ],
            [
              105.87148000030186,
              37.41544100070166
            ],
            [
              105.88042600005991,
              37.392827000165994
            ],
            [
              105.8435150003171,
              37.39416899999941
            ],
            [
              105.84085299986612,
              37.37929900044856
            ],
            [
              105.9025290004131,
              37.34908600021879
            ],
            [
              105.92244999996757,
              37.346511000182545
            ],
            [
              105.94245400065165,
              37.32921100008764
            ],
            [
              105.92094400066514,
              37.307580000816415
            ],
            [
              105.79034200068287,
              37.31874700047376
            ],
            [
              105.78769600007041,
              37.31033700025239
            ],
            [
              105.77191100059224,
              37.30143000049418
            ],
            [
              105.72987199999284,
              37.289413000309764
            ],
            [
              105.74350199991744,
              37.27191900026173
            ],
            [
              105.75255600015936,
              37.24333000027934
            ],
            [
              105.75940100015612,
              37.23860300082788
            ],
            [
              105.77116000013393,
              37.21649600029025
            ],
            [
              105.7792089998955,
              37.212488000720725
            ],
            [
              105.77056100038993,
              37.20575900067741
            ],
            [
              105.77392700003111,
              37.20047400067466
            ],
            [
              105.76380299990859,
              37.19177500061585
            ],
            [
              105.70909999986515,
              37.18622100079858
            ],
            [
              105.70358199990943,
              37.19663400075859
            ],
            [
              105.67981099997775,
              37.2164640006132
            ],
            [
              105.68616499981493,
              37.228907000657614
            ],
            [
              105.69030900026019,
              37.2297000003548
            ],
            [
              105.6902770005832,
              37.238633000412676
            ],
            [
              105.67701700063412,
              37.27250200016721
            ],
            [
              105.67170600033171,
              37.27657399999015
            ],
            [
              105.6017039998398,
              37.22253499999033
            ],
            [
              105.57543300063253,
              37.22173300077742
            ],
            [
              105.56825200042954,
              37.215899000638444
            ],
            [
              105.57024799984539,
              37.202402000551956
            ],
            [
              105.58061200024368,
              37.198167000406784
            ],
            [
              105.61016799985339,
              37.198486000728394
            ],
            [
              105.62972999993963,
              37.19119900013379
            ],
            [
              105.66174400048527,
              37.19073300022785
            ],
            [
              105.6686500005971,
              37.177276000187305
            ],
            [
              105.67096500033455,
              37.15755800010169
            ],
            [
              105.68492200005035,
              37.15209000065306
            ],
            [
              105.69456500047443,
              37.13162900047803
            ],
            [
              105.72199800020758,
              37.110805000650316
            ],
            [
              105.75583200014677,
              37.09623100036043
            ],
            [
              105.75355900054751,
              37.07194100077663
            ],
            [
              105.77212999989962,
              37.05550100077062
            ],
            [
              105.79974100064675,
              37.03968800000126
            ],
            [
              105.81163999988615,
              37.013733000077934
            ],
            [
              105.83707700020346,
              36.97879200035061
            ],
            [
              105.82642000068256,
              36.9704560008438
            ],
            [
              105.82801100030747,
              36.959632000816214
            ],
            [
              105.82456799981338,
              36.95331600003345
            ],
            [
              105.78087200014278,
              36.928256000014414
            ],
            [
              105.76206699989217,
              36.913698000462375
            ],
            [
              105.7641169999996,
              36.907782000139264
            ],
            [
              105.7322930001219,
              36.917005000080735
            ],
            [
              105.7356580006163,
              36.906424000467325
            ],
            [
              105.75689100041939,
              36.8965560004591
            ],
            [
              105.73850799984439,
              36.882229000767836
            ],
            [
              105.7281159999535,
              36.8576620001013
            ],
            [
              105.73689800024262,
              36.82670100045084
            ],
            [
              105.73330800016413,
              36.82385300041568
            ],
            [
              105.72096300014238,
              36.83271600084282
            ],
            [
              105.70558800068574,
              36.83673500002027
            ],
            [
              105.69384700063864,
              36.86614100080658
            ],
            [
              105.6852040004643,
              36.85961700032436
            ],
            [
              105.69340299994855,
              36.84620200042201
            ],
            [
              105.67591400013106,
              36.84024300081387
            ],
            [
              105.6736240006472,
              36.83399100028447
            ],
            [
              105.67740600058653,
              36.83010000071454
            ],
            [
              105.66754500000184,
              36.82840900007534
            ],
            [
              105.6508770002734,
              36.84497100031149
            ],
            [
              105.62101500004229,
              36.83439900021376
            ],
            [
              105.59694499981197,
              36.837491000709186
            ],
            [
              105.58752300058609,
              36.85931600083285
            ],
            [
              105.56832300010643,
              36.86950300026331
            ],
            [
              105.55071200005881,
              36.87093500064981
            ],
            [
              105.53525300032578,
              36.89501800058031
            ],
            [
              105.51634699991416,
              36.903793000546614
            ],
            [
              105.5117900002084,
              36.902335000759706
            ],
            [
              105.51277899995097,
              36.89606400025349
            ],
            [
              105.50375200005482,
              36.894383000075436
            ],
            [
              105.49657500003627,
              36.87812200023018
            ],
            [
              105.46532300045618,
              36.88548100054777
            ],
            [
              105.45198700059967,
              36.882448000075215
            ],
            [
              105.42196800032303,
              36.90497400015005
            ],
            [
              105.41488800028105,
              36.89154300040917
            ],
            [
              105.38275700063514,
              36.879613000639495
            ],
            [
              105.36814700048376,
              36.878957000065554
            ],
            [
              105.36071900058147,
              36.88779500023912
            ],
            [
              105.3629590004576,
              36.892100000015034
            ],
            [
              105.3519570003154,
              36.899473000078956
            ],
            [
              105.3518570002005,
              36.90650900078981
            ],
            [
              105.36801300059955,
              36.92436300035224
            ],
            [
              105.37994700055367,
              36.951438000663245
            ],
            [
              105.37855800035152,
              36.96092400014254
            ],
            [
              105.36394299996954,
              36.95862900042806
            ],
            [
              105.34929100057929,
              36.97335400048678
            ],
            [
              105.32157500038602,
              36.98629800025259
            ],
            [
              105.30534300007946,
              37.025098000772175
            ],
            [
              105.29410799998425,
              37.02478799996629
            ],
            [
              105.28894400016554,
              37.018231000660194
            ],
            [
              105.28473800045839,
              37.02150200041706
            ],
            [
              105.26860900040509,
              37.05958100006313
            ],
            [
              105.28060899980558,
              37.059910999992724
            ],
            [
              105.29405400019203,
              37.07235100079811
            ],
            [
              105.30995700061516,
              37.08868800055086
            ],
            [
              105.30766900032415,
              37.09200200049196
            ],
            [
              105.31272500055837,
              37.1034310005403
            ],
            [
              105.32376200051596,
              37.10316300077193
            ],
            [
              105.33040600023679,
              37.098246000652466
            ],
            [
              105.34894100062672,
              37.09895000074198
            ],
            [
              105.35390600026176,
              37.10700200064184
            ],
            [
              105.36717200048747,
              37.114818000450384
            ],
            [
              105.39532300005646,
              37.1222630002373
            ],
            [
              105.42406800003823,
              37.110351000398396
            ],
            [
              105.45981500006224,
              37.11970500008573
            ],
            [
              105.46007300026884,
              37.1327230005661
            ],
            [
              105.47299200068034,
              37.14394299996951
            ],
            [
              105.48060900030521,
              37.142998000457396
            ],
            [
              105.49777800065425,
              37.179562000386056
            ],
            [
              105.5137950000393,
              37.19579799997774
            ],
            [
              105.52554300040919,
              37.224461000674694
            ],
            [
              105.54603300012292,
              37.23647400067466
            ],
            [
              105.56637600025226,
              37.27801200065335
            ],
            [
              105.5778130006695,
              37.290536999982635
            ],
            [
              105.57407099987682,
              37.29595100053831
            ],
            [
              105.56916700035686,
              37.29572900019326
            ],
            [
              105.56998500030757,
              37.31272900084275
            ],
            [
              105.58023599999149,
              37.32072300076595
            ],
            [
              105.58527500034103,
              37.33096700012703
            ],
            [
              105.58362400064715,
              37.344290000283365
            ],
            [
              105.56595899990799,
              37.354415000451986
            ],
            [
              105.55893200051145,
              37.36560000004005
            ],
            [
              105.53244100015212,
              37.383814000016116
            ],
            [
              105.49541400045581,
              37.39746400086301
            ],
            [
              105.49403400066865,
              37.43700300038819
            ],
            [
              105.51884399995072,
              37.436716000642946
            ],
            [
              105.51801100020754,
              37.453419000186784
            ],
            [
              105.52930200018722,
              37.45169600076986
            ],
            [
              105.53701000041127,
              37.46653700078201
            ],
            [
              105.53213200029165,
              37.480634000658654
            ],
            [
              105.53631399979133,
              37.4867410007966
            ],
            [
              105.55076200056595,
              37.49017400082954
            ],
            [
              105.53476400025846,
              37.50068800005125
            ],
            [
              105.50404199993841,
              37.501703000093414
            ],
            [
              105.46864000053563,
              37.49419200086021
            ],
            [
              105.45338600036371,
              37.50135400018701
            ],
            [
              105.45180000007002,
              37.53997800068425
            ],
            [
              105.44260200038207,
              37.54935300044065
            ],
            [
              105.45327500064082,
              37.555962000346085
            ],
            [
              105.46688700063464,
              37.579616000278236
            ],
            [
              105.45935000020239,
              37.60643300038271
            ],
            [
              105.46588500029259,
              37.61965500037803
            ],
            [
              105.4578160005081,
              37.64450900078981
            ],
            [
              105.46385300011593,
              37.65789500025409
            ],
            [
              105.4618440001006,
              37.67154400015551
            ],
            [
              105.45379100015458,
              37.67951200067836
            ],
            [
              105.43710600054158,
              37.686160000583584
            ],
            [
              105.44481900009686,
              37.699181000302985
            ],
            [
              105.46343200048649,
              37.70230500047546
            ],
            [
              105.5690230000115,
              37.70068000018193
            ],
            [
              105.59662000011298,
              37.70700800061877
            ],
            [
              105.644602000482,
              37.709586000793365
            ],
            [
              105.64887899986599,
              37.71592500083818
            ],
            [
              105.66520000067953,
              37.72189000072302
            ],
            [
              105.71077200052747,
              37.73058200045898
            ],
            [
              105.75221899990697,
              37.72696100074961
            ],
            [
              105.78010599989204,
              37.73824100022205
            ],
            [
              105.8237440004853,
              37.73473700051221
            ],
            [
              105.83976199991645,
              37.728061000215064
            ],
            [
              105.8483300002294,
              37.739004000334376
            ],
            [
              105.88772500030859,
              37.7354650008092
            ],
            [
              105.89973600021631,
              37.73929600031022
            ],
            [
              105.90643300058258,
              37.70107900059543
            ],
            [
              105.89612199993041,
              37.68139200014076
            ],
            [
              105.88778700046976,
              37.67669600032019
            ],
            [
              105.89301899982706,
              37.65864700075855
            ],
            [
              105.88830700016797,
              37.64866600003592
            ],
            [
              105.88104000049566,
              37.6445750002361
            ],
            [
              105.88988900027721,
              37.62972400066218
            ],
            [
              105.9012760001873,
              37.63040900077482
            ],
            [
              105.9036279998324,
              37.63840400074412
            ],
            [
              105.9260140006457,
              37.656793000696496
            ],
            [
              105.92296400028846,
              37.68519700024143
            ],
            [
              105.9337779998549,
              37.696127000660624
            ],
            [
              105.95920400056423,
              37.75647800035949
            ],
            [
              105.9915070000481,
              37.75642200047497
            ],
            [
              106.028082000484,
              37.68134800080964
            ],
            [
              106.0241960002453,
              37.66433800059832
            ],
            [
              106.01454500035152,
              37.64959500060883
            ],
            [
              106.02179900032365,
              37.63933000027936
            ],
            [
              106.01708999990365,
              37.60886000078847
            ]
          ]
        ]
      },
      "properties": {
        "OBJECTID_1": 8,
        "FID_中国": 1184,
        "LAYER": "Unknown Area Type",
        "name": "中宁县",
        "gb": 156640521,
        "FID_quansh": 1,
        "OBJECTID": 2,
        "FID_Export": 0,
        "LAYER_1": "Unknown Area Type",
        "name_1": "宁夏回族自治区",
        "gb_1": 156640000,
        "FID_中_1": 199,
        "LAYER_12": "Unknown Area Type",
        "name_12": "中卫市",
        "gb_12": 156640500,
        "Shape_Leng": 10.1744063845,
        "Shape_Le_1": 4.80127037729,
        "Shape_Area": 0.342545368631
      }
    },
    {
      "type": "Feature",
      "geometry": {
        "bbox": [
          104.28405000040726,
          36.664004000684145,
          105.68838200042904,
          37.71315000057213
        ],
        "type": "Polygon",
        "coordinates": [
          [
            [
              105.44481900009686,
              37.699181000302985
            ],
            [
              105.43710600054158,
              37.686160000583584
            ],
            [
              105.45379100015458,
              37.67951200067836
            ],
            [
              105.4618440001006,
              37.67154400015551
            ],
            [
              105.46385300011593,
              37.65789500025409
            ],
            [
              105.4578160005081,
              37.64450900078981
            ],
            [
              105.46588500029259,
              37.61965500037803
            ],
            [
              105.45935000020239,
              37.60643300038271
            ],
            [
              105.46688700063464,
              37.579616000278236
            ],
            [
              105.45327500064082,
              37.555962000346085
            ],
            [
              105.44260200038207,
              37.54935300044065
            ],
            [
              105.45180000007002,
              37.53997800068425
            ],
            [
              105.45338600036371,
              37.50135400018701
            ],
            [
              105.46864000053563,
              37.49419200086021
            ],
            [
              105.50404199993841,
              37.501703000093414
            ],
            [
              105.53476400025846,
              37.50068800005125
            ],
            [
              105.55076200056595,
              37.49017400082954
            ],
            [
              105.53631399979133,
              37.4867410007966
            ],
            [
              105.53213200029165,
              37.480634000658654
            ],
            [
              105.53701000041127,
              37.46653700078201
            ],
            [
              105.52930200018722,
              37.45169600076986
            ],
            [
              105.51801100020754,
              37.453419000186784
            ],
            [
              105.51884399995072,
              37.436716000642946
            ],
            [
              105.49403400066865,
              37.43700300038819
            ],
            [
              105.49541400045581,
              37.39746400086301
            ],
            [
              105.53244100015212,
              37.383814000016116
            ],
            [
              105.55893200051145,
              37.36560000004005
            ],
            [
              105.56595899990799,
              37.354415000451986
            ],
            [
              105.58362400064715,
              37.344290000283365
            ],
            [
              105.58527500034103,
              37.33096700012703
            ],
            [
              105.58023599999149,
              37.32072300076595
            ],
            [
              105.56998500030757,
              37.31272900084275
            ],
            [
              105.56916700035686,
              37.29572900019326
            ],
            [
              105.57407099987682,
              37.29595100053831
            ],
            [
              105.5778130006695,
              37.290536999982635
            ],
            [
              105.56637600025226,
              37.27801200065335
            ],
            [
              105.54603300012292,
              37.23647400067466
            ],
            [
              105.52554300040919,
              37.224461000674694
            ],
            [
              105.5137950000393,
              37.19579799997774
            ],
            [
              105.49777800065425,
              37.179562000386056
            ],
            [
              105.48060900030521,
              37.142998000457396
            ],
            [
              105.47299200068034,
              37.14394299996951
            ],
            [
              105.46007300026884,
              37.1327230005661
            ],
            [
              105.45981500006224,
              37.11970500008573
            ],
            [
              105.42406800003823,
              37.110351000398396
            ],
            [
              105.39532300005646,
              37.1222630002373
            ],
            [
              105.36717200048747,
              37.114818000450384
            ],
            [
              105.35390600026176,
              37.10700200064184
            ],
            [
              105.34894100062672,
              37.09895000074198
            ],
            [
              105.33040600023679,
              37.098246000652466
            ],
            [
              105.32376200051596,
              37.10316300077193
            ],
            [
              105.31272500055837,
              37.1034310005403
            ],
            [
              105.30766900032415,
              37.09200200049196
            ],
            [
              105.30995700061516,
              37.08868800055086
            ],
            [
              105.29405400019203,
              37.07235100079811
            ],
            [
              105.28060899980558,
              37.059910999992724
            ],
            [
              105.26860900040509,
              37.05958100006313
            ],
            [
              105.28473800045839,
              37.02150200041706
            ],
            [
              105.28894400016554,
              37.018231000660194
            ],
            [
              105.29410799998425,
              37.02478799996629
            ],
            [
              105.30534300007946,
              37.025098000772175
            ],
            [
              105.32157500038602,
              36.98629800025259
            ],
            [
              105.34929100057929,
              36.97335400048678
            ],
            [
              105.36394299996954,
              36.95862900042806
            ],
            [
              105.37855800035152,
              36.96092400014254
            ],
            [
              105.37994700055367,
              36.951438000663245
            ],
            [
              105.36801300059955,
              36.92436300035224
            ],
            [
              105.3518570002005,
              36.90650900078981
            ],
            [
              105.3519570003154,
              36.899473000078956
            ],
            [
              105.3629590004576,
              36.892100000015034
            ],
            [
              105.36071900058147,
              36.88779500023912
            ],
            [
              105.36814700048376,
              36.878957000065554
            ],
            [
              105.38275700063514,
              36.879613000639495
            ],
            [
              105.41488800028105,
              36.89154300040917
            ],
            [
              105.42196800032303,
              36.90497400015005
            ],
            [
              105.45198700059967,
              36.882448000075215
            ],
            [
              105.46532300045618,
              36.88548100054777
            ],
            [
              105.49657500003627,
              36.87812200023018
            ],
            [
              105.50375200005482,
              36.894383000075436
            ],
            [
              105.51277899995097,
              36.89606400025349
            ],
            [
              105.5117900002084,
              36.902335000759706
            ],
            [
              105.51634699991416,
              36.903793000546614
            ],
            [
              105.53525300032578,
              36.89501800058031
            ],
            [
              105.55071200005881,
              36.87093500064981
            ],
            [
              105.56832300010643,
              36.86950300026331
            ],
            [
              105.58752300058609,
              36.85931600083285
            ],
            [
              105.59694499981197,
              36.837491000709186
            ],
            [
              105.62101500004229,
              36.83439900021376
            ],
            [
              105.6508770002734,
              36.84497100031149
            ],
            [
              105.66754500000184,
              36.82840900007534
            ],
            [
              105.67740600058653,
              36.83010000071454
            ],
            [
              105.68838200042904,
              36.81652800076665
            ],
            [
              105.68074000055066,
              36.80851000063609
            ],
            [
              105.67436799988337,
              36.8119990005535
            ],
            [
              105.67077600061202,
              36.796218000360454
            ],
            [
              105.62930800026407,
              36.78675400009706
            ],
            [
              105.61912300002649,
              36.77156100004015
            ],
            [
              105.56782500052344,
              36.792375000306095
            ],
            [
              105.5531130001649,
              36.78067100016659
            ],
            [
              105.55522100024905,
              36.77223100036042
            ],
            [
              105.56588500009276,
              36.763654000531744
            ],
            [
              105.56403200007679,
              36.76012300047614
            ],
            [
              105.55314300064902,
              36.75971300045467
            ],
            [
              105.53350200051699,
              36.74963700074704
            ],
            [
              105.51638399982181,
              36.753939000384605
            ],
            [
              105.5102239999377,
              36.766803000058474
            ],
            [
              105.47499000018843,
              36.73595200008481
            ],
            [
              105.45433800019862,
              36.72883300004298
            ],
            [
              105.44934500017166,
              36.71009099999969
            ],
            [
              105.4337559998396,
              36.71090900084977
            ],
            [
              105.40423700013753,
              36.72449900072838
            ],
            [
              105.39669300028181,
              36.71792500063833
            ],
            [
              105.39752099979438,
              36.70299600016534
            ],
            [
              105.3734340005787,
              36.6907449999818
            ],
            [
              105.35848099989829,
              36.667933000207825
            ],
            [
              105.35142299997153,
              36.664004000684145
            ],
            [
              105.34220300016841,
              36.679582000508965
            ],
            [
              105.32381400021598,
              36.68111400011105
            ],
            [
              105.31198100042292,
              36.69671800023559
            ],
            [
              105.3123930005366,
              36.707111000172574
            ],
            [
              105.30702000007301,
              36.71757100050132
            ],
            [
              105.27919300015691,
              36.68256600052058
            ],
            [
              105.25987200039259,
              36.69325600066396
            ],
            [
              105.24325700041032,
              36.69315000027234
            ],
            [
              105.21593700049226,
              36.70436800048287
            ],
            [
              105.19794499996186,
              36.70455199997485
            ],
            [
              105.19857400019004,
              36.70546700080149
            ],
            [
              105.2121199998382,
              36.728893000111896
            ],
            [
              105.23416100003021,
              36.731728000446935
            ],
            [
              105.2339860000539,
              36.740284000206486
            ],
            [
              105.26715100061824,
              36.7384910002595
            ],
            [
              105.27277400002015,
              36.752135999976474
            ],
            [
              105.30657200009779,
              36.740238000783165
            ],
            [
              105.3205109998828,
              36.746094000138044
            ],
            [
              105.33621199998385,
              36.76350000062456
            ],
            [
              105.32946800014815,
              36.792217000214464
            ],
            [
              105.3222810005678,
              36.804180000606614
            ],
            [
              105.29457100065122,
              36.823765000854166
            ],
            [
              105.28896300014243,
              36.83286700061166
            ],
            [
              105.29148100024804,
              36.83858900008232
            ],
            [
              105.27633700065212,
              36.854900000434725
            ],
            [
              105.27551300042467,
              36.86502800074169
            ],
            [
              105.24376700054671,
              36.89094500071127
            ],
            [
              105.23519099986481,
              36.89593100041537
            ],
            [
              105.22135200019471,
              36.88555900054752
            ],
            [
              105.20166000040878,
              36.896839000019895
            ],
            [
              105.19334400002566,
              36.896439000459566
            ],
            [
              105.18554700019399,
              36.88540999997156
            ],
            [
              105.17385899989301,
              36.891407000432764
            ],
            [
              105.1781920000608,
              36.90969800036248
            ],
            [
              105.17250800054387,
              36.92813900001488
            ],
            [
              105.18010700023792,
              36.92556399997869
            ],
            [
              105.1796570001705,
              36.93704600067247
            ],
            [
              105.17257700012851,
              36.95851500056688
            ],
            [
              105.16411600025327,
              36.96674700067359
            ],
            [
              105.16030100059078,
              36.99390000008498
            ],
            [
              105.10407999979219,
              36.99953500004029
            ],
            [
              105.05366500053941,
              37.021847000139026
            ],
            [
              105.03440099980634,
              37.0055920005704
            ],
            [
              105.02642100052879,
              37.00582900070788
            ],
            [
              105.00636300005249,
              37.0159000001849
            ],
            [
              105.00893399990423,
              37.03084900068092
            ],
            [
              104.99999200033062,
              37.034347000113996
            ],
            [
              104.96173100038544,
              37.03020500066032
            ],
            [
              104.95005799987683,
              37.038956000419155
            ],
            [
              104.9471970001415,
              37.0791240001725
            ],
            [
              104.94104799986538,
              37.08616600026073
            ],
            [
              104.9105990004436,
              37.099552000624385
            ],
            [
              104.91171300055458,
              37.114592999967044
            ],
            [
              104.89490699985822,
              37.12922400018749
            ],
            [
              104.88404100059176,
              37.15768100037792
            ],
            [
              104.85519400040283,
              37.181210000840906
            ],
            [
              104.85325600006439,
              37.21586600001592
            ],
            [
              104.84827400054473,
              37.219471000786086
            ],
            [
              104.82339499987938,
              37.22303400051874
            ],
            [
              104.80714400049527,
              37.23040000025986
            ],
            [
              104.78888700033485,
              37.2282750002911
            ],
            [
              104.77496300034227,
              37.24399200023066
            ],
            [
              104.75633200002187,
              37.22711900004185
            ],
            [
              104.70498700014997,
              37.197372000617406
            ],
            [
              104.67657500023614,
              37.193630000724
            ],
            [
              104.64344800052487,
              37.203651000593254
            ],
            [
              104.62696800047291,
              37.20193500059986
            ],
            [
              104.60577400066967,
              37.22154200006332
            ],
            [
              104.59562700038583,
              37.243893000161904
            ],
            [
              104.59699200038057,
              37.25724799999523
            ],
            [
              104.6065569999057,
              37.276183999991645
            ],
            [
              104.61557800042443,
              37.2811780000647
            ],
            [
              104.61570000065456,
              37.29773000073902
            ],
            [
              104.62230700046774,
              37.301460000078976
            ],
            [
              104.64480600019681,
              37.29231600018329
            ],
            [
              104.6580429999845,
              37.301281000817596
            ],
            [
              104.66945600019432,
              37.31701999997307
            ],
            [
              104.70914500034156,
              37.337872000192704
            ],
            [
              104.71263100012061,
              37.34917800086413
            ],
            [
              104.69667800008972,
              37.343853000815386
            ],
            [
              104.66340599998699,
              37.35517500042596
            ],
            [
              104.65591399983128,
              37.37151300022481
            ],
            [
              104.664145999938,
              37.37984100026199
            ],
            [
              104.66645800043642,
              37.39891100014262
            ],
            [
              104.67299699981174,
              37.400612000343585
            ],
            [
              104.67478200028916,
              37.40746700080149
            ],
            [
              104.64687400023496,
              37.41650800044391
            ],
            [
              104.62064400022047,
              37.4149130006345
            ],
            [
              104.58325900020276,
              37.42376700064659
            ],
            [
              104.54722600047961,
              37.42499200048047
            ],
            [
              104.51540399979484,
              37.4337850003775
            ],
            [
              104.49169900020877,
              37.41912500061835
            ],
            [
              104.45919000021837,
              37.4183350001602
            ],
            [
              104.44487800031953,
              37.422489000167275
            ],
            [
              104.43289900008887,
              37.445053000195855
            ],
            [
              104.40065799986684,
              37.43708400052628
            ],
            [
              104.35427100020655,
              37.4172250002336
            ],
            [
              104.34391800031551,
              37.41933800054835
            ],
            [
              104.29468499981294,
              37.41283000080392
            ],
            [
              104.28443099999072,
              37.42014700008406
            ],
            [
              104.28405000040726,
              37.42728800024105
            ],
            [
              104.28968800050086,
              37.432178000014744
            ],
            [
              104.29927099995672,
              37.4405020007668
            ],
            [
              104.31839700062113,
              37.44711300076443
            ],
            [
              104.33656300018237,
              37.44295500057285
            ],
            [
              104.35290500016566,
              37.4484440000906
            ],
            [
              104.36769100033945,
              37.46046100027502
            ],
            [
              104.40333500011025,
              37.4632840000566
            ],
            [
              104.41532100066371,
              37.51034900040611
            ],
            [
              104.42632299990657,
              37.50955999999406
            ],
            [
              104.42886300012742,
              37.51388600073841
            ],
            [
              104.60921500017218,
              37.52050800034397
            ],
            [
              104.80066700038185,
              37.5378570000006
            ],
            [
              104.82834600066747,
              37.55344800042491
            ],
            [
              104.86269400002811,
              37.56561300023981
            ],
            [
              104.89954400055524,
              37.565578000424416
            ],
            [
              104.91828899983756,
              37.57083100075016
            ],
            [
              105.02017200013773,
              37.57851800000577
            ],
            [
              105.16896100064974,
              37.66268200067384
            ],
            [
              105.20025600041414,
              37.66974300073895
            ],
            [
              105.23202500045348,
              37.67118800082562
            ],
            [
              105.2603990004136,
              37.68482600021981
            ],
            [
              105.35725399997216,
              37.713150000572114
            ],
            [
              105.44481900009686,
              37.699181000302985
            ]
          ]
        ]
      },
      "properties": {
        "OBJECTID_1": 9,
        "FID_中国": 1236,
        "LAYER": "Unknown Area Type",
        "name": "沙坡头区",
        "gb": 156640502,
        "FID_quansh": 1,
        "OBJECTID": 2,
        "FID_Export": 0,
        "LAYER_1": "Unknown Area Type",
        "name_1": "宁夏回族自治区",
        "gb_1": 156640000,
        "FID_中_1": 199,
        "LAYER_12": "Unknown Area Type",
        "name_12": "中卫市",
        "gb_12": 156640500,
        "Shape_Leng": 10.1744063845,
        "Shape_Le_1": 5.78168997821,
        "Shape_Area": 0.549140317573
      }
    },
    {
      "type": "Feature",
      "geometry": {
        "bbox": [
          105.81173599981662,
          35.36191200033858,
          106.26201099990782,
          35.78647000069001
        ],
        "type": "MultiPolygon",
        "coordinates": [
          [
            [
              [
                106.17873799985887,
                35.77087800021957
              ],
              [
                106.18940100055579,
                35.745686000408625
              ],
              [
                106.1866430001744,
                35.72590500011569
              ],
              [
                106.19462800058182,
                35.692530000659076
              ],
              [
                106.20364099983232,
                35.680173000083926
              ],
              [
                106.20263600025129,
                35.66236500084415
              ],
              [
                106.21470500013572,
                35.64500800081862
              ],
              [
                106.2226790000359,
                35.6408520007193
              ],
              [
                106.21811900019179,
                35.62918200034909
              ],
              [
                106.20494600065746,
                35.624915000526926
              ],
              [
                106.20333700020247,
                35.617674000254965
              ],
              [
                106.22638400002165,
                35.58900099999619
              ],
              [
                106.23324399981078,
                35.5642020003221
              ],
              [
                106.23712499981895,
                35.56193300000797
              ],
              [
                106.2342720004525,
                35.552527000620614
              ],
              [
                106.20333199997191,
                35.53516000013395
              ],
              [
                106.20859799999779,
                35.50463000057414
              ],
              [
                106.2071539999572,
                35.484417000144504
              ],
              [
                106.2382640001835,
                35.480278999975894
              ],
              [
                106.2392990002487,
                35.46035300019088
              ],
              [
                106.25704200008829,
                35.4538750000313
              ],
              [
                106.26201099990777,
                35.439726000454584
              ],
              [
                106.26156099984036,
                35.4281550001532
              ],
              [
                106.24914700023396,
                35.424187000629615
              ],
              [
                106.23431600068295,
                35.41012500056837
              ],
              [
                106.19155900024771,
                35.40964900020123
              ],
              [
                106.17491900001193,
                35.4362950005139
              ],
              [
                106.1619650006843,
                35.428791000704166
              ],
              [
                106.12866200005135,
                35.393196000495095
              ],
              [
                106.1158910001696,
                35.366905000365534
              ],
              [
                106.1043700003753,
                35.36191200033858
              ],
              [
                106.0925370005822,
                35.39017100039143
              ],
              [
                106.09747300067852,
                35.40099700051121
              ],
              [
                106.08218399979182,
                35.40358400020148
              ],
              [
                106.07795000059214,
                35.41064100008214
              ],
              [
                106.07394400021548,
                35.43629100032945
              ],
              [
                106.06307200067238,
                35.455597000301395
              ],
              [
                106.06656599992101,
                35.46344899997143
              ],
              [
                106.06237000067507,
                35.49101300034971
              ],
              [
                106.08052100044387,
                35.49157700027837
              ],
              [
                106.08598300051511,
                35.50107600035716
              ],
              [
                106.08248099999821,
                35.507450000217375
              ],
              [
                106.07045000006752,
                35.50699200068033
              ],
              [
                106.07201400024599,
                35.50178500067727
              ],
              [
                106.06407200002286,
                35.49517100054129
              ],
              [
                106.06373599981657,
                35.50587500043099
              ],
              [
                106.01760900045508,
                35.49827200055245
              ],
              [
                106.01316100037991,
                35.50607300056856
              ],
              [
                106.02670299984362,
                35.52000399998468
              ],
              [
                106.01915000047222,
                35.52666900067391
              ],
              [
                105.99556700021697,
                35.52513900026469
              ],
              [
                105.96811700059914,
                35.54033300036775
              ],
              [
                105.95069900045856,
                35.53809000035329
              ],
              [
                105.9175800002169,
                35.54183600043115
              ],
              [
                105.89599600041515,
                35.552193000506634
              ],
              [
                105.88391900016177,
                35.55130000069454
              ],
              [
                105.86532599979512,
                35.53415700064511
              ],
              [
                105.85658999982871,
                35.52295300018085
              ],
              [
                105.84921999990314,
                35.49616600056055
              ],
              [
                105.84079000055812,
                35.49297700008856
              ],
              [
                105.83108499997286,
                35.5371970005412
              ],
              [
                105.81738300032528,
                35.55943700001757
              ],
              [
                105.8168489999814,
                35.57272000012796
              ],
              [
                105.81173599981662,
                35.573742000492985
              ],
              [
                105.81358000031685,
                35.57872900024324
              ],
              [
                105.84610300005346,
                35.592602000581905
              ],
              [
                105.84558300035525,
                35.6083810006827
              ],
              [
                105.85897500009622,
                35.62814500019164
              ],
              [
                105.84677800060433,
                35.645533000747434
              ],
              [
                105.8470410001421,
                35.651733000677496
              ],
              [
                105.85100600042665,
                35.664298000052725
              ],
              [
                105.8611359999265,
                35.66789800059229
              ],
              [
                105.86542100057875,
                35.67525200067934
              ],
              [
                105.8782559998146,
                35.67033800069822
              ],
              [
                105.913163000672,
                35.67387300003895
              ],
              [
                105.91850300051311,
                35.66848000045172
              ],
              [
                105.92716000043373,
                35.66838700065961
              ],
              [
                105.93977400026995,
                35.677007000672575
              ],
              [
                105.9456549998784,
                35.69717100064122
              ],
              [
                105.95412700026094,
                35.70738800055585
              ],
              [
                105.97206400005359,
                35.71438600041364
              ],
              [
                106.0099499997927,
                35.7056780008391
              ],
              [
                106.0406790004356,
                35.703306000271766
              ],
              [
                106.0513440003254,
                35.706688000650786
              ],
              [
                106.0673639998488,
                35.696626000689434
              ],
              [
                106.07623000041423,
                35.69571800018559
              ],
              [
                106.068074000215,
                35.72280200001234
              ],
              [
                106.03720800044891,
                35.72653100020557
              ],
              [
                106.02573600021628,
                35.73269400022798
              ],
              [
                106.01934300037925,
                35.76493800058831
              ],
              [
                106.01256300068201,
                35.770013000799395
              ],
              [
                106.01946699980226,
                35.78647000069003
              ],
              [
                106.02511400031091,
                35.78383300049262
              ],
              [
                106.02783399983929,
                35.77119000021838
              ],
              [
                106.03429400006809,
                35.76860500062031
              ],
              [
                106.03980000036978,
                35.77386200023119
              ],
              [
                106.03709100044938,
                35.780127000460766
              ],
              [
                106.04100099999619,
                35.78415400000716
              ],
              [
                106.06588000066154,
                35.76670400018952
              ],
              [
                106.09166199980149,
                35.760779000350624
              ],
              [
                106.10872799989733,
                35.769455000248115
              ],
              [
                106.13217800031452,
                35.763330000179394
              ],
              [
                106.17873799985887,
                35.77087800021957
              ]
            ]
          ],
          [
            [
              [
                106.04556299993254,
                35.46737300016389
              ],
              [
                106.05042500021364,
                35.453487000124994
              ],
              [
                106.04547900055547,
                35.446762000266176
              ],
              [
                106.02447500052091,
                35.46147900085526
              ],
              [
                105.99769600037018,
                35.43924000052567
              ],
              [
                105.92136400024846,
                35.42524300076394
              ],
              [
                105.91349799993282,
                35.421597000801
              ],
              [
                105.90953799987886,
                35.41267000012044
              ],
              [
                105.89945599989454,
                35.416554000266956
              ],
              [
                105.88832900028319,
                35.442722000120284
              ],
              [
                105.89033500016018,
                35.453941000376915
              ],
              [
                105.90130600067147,
                35.464455000497935
              ],
              [
                105.9375000006246,
                35.46459999999007
              ],
              [
                105.9717790004006,
                35.478481000697684
              ],
              [
                106.05466500058935,
                35.49062700053571
              ],
              [
                106.04556299993254,
                35.46737300016389
              ]
            ]
          ],
          [
            [
              [
                106.06570500068528,
                35.43750400050925
              ],
              [
                106.06507900059546,
                35.42749000006353
              ],
              [
                106.05806700009202,
                35.43312500001878
              ],
              [
                106.05793800043841,
                35.44326400083304
              ],
              [
                106.06570500068528,
                35.43750400050925
              ]
            ]
          ]
        ]
      },
      "properties": {
        "OBJECTID_1": 10,
        "FID_中国": 1300,
        "LAYER": "Unknown Area Type",
        "name": "隆德县",
        "gb": 156640423,
        "FID_quansh": 0,
        "OBJECTID": 1,
        "FID_Export": 0,
        "LAYER_1": "Unknown Area Type",
        "name_1": "宁夏回族自治区",
        "gb_1": 156640000,
        "FID_中_1": 167,
        "LAYER_12": "Unknown Area Type",
        "name_12": "固原市",
        "gb_12": 156640400,
        "Shape_Leng": 7.33641842807,
        "Shape_Le_1": 2.44548540445,
        "Shape_Area": 0.0990200448931
      }
    },
    {
      "type": "Feature",
      "geometry": {
        "bbox": [
          105.32174700022392,
          35.56977800025459,
          106.07623000041423,
          36.236376000851834
        ],
        "type": "Polygon",
        "coordinates": [
          [
            [
              106.00465700032038,
              36.19373000013945
            ],
            [
              106.01014599983807,
              36.192884000696154
            ],
            [
              106.01248400063618,
              36.184360000613594
            ],
            [
              106.02825000013746,
              36.17523100051034
            ],
            [
              106.0367240006122,
              36.158735000619856
            ],
            [
              106.03404200013826,
              36.1424340007286
            ],
            [
              106.02657500023611,
              36.133204000464275
            ],
            [
              106.03440300059805,
              36.12232300050613
            ],
            [
              106.04305600033422,
              36.084940000580616
            ],
            [
              106.022055000438,
              36.0530450001267
            ],
            [
              106.03568500036255,
              36.03394600070743
            ],
            [
              106.02486000028887,
              36.01629600065996
            ],
            [
              106.02714100025702,
              36.003599000593454
            ],
            [
              106.01066100020506,
              35.989392000140754
            ],
            [
              106.00688899982754,
              35.966508000643785
            ],
            [
              106.02169199988595,
              35.957636000700916
            ],
            [
              106.03191400003112,
              35.93698300066501
            ],
            [
              106.04207099987678,
              35.93509300074146
            ],
            [
              106.05500900026523,
              35.909983000215334
            ],
            [
              106.04998999993859,
              35.90185500040798
            ],
            [
              106.05260600006693,
              35.88695400032691
            ],
            [
              106.03883800007372,
              35.862637000397285
            ],
            [
              106.01513300048765,
              35.87068800025105
            ],
            [
              106.00431499983745,
              35.8638050003006
            ],
            [
              106.0042900004832,
              35.857952000184696
            ],
            [
              106.01324799989533,
              35.849043000334234
            ],
            [
              105.99535100014862,
              35.83702900028817
            ],
            [
              105.97805000000756,
              35.796681000327965
            ],
            [
              106.01946699980226,
              35.78647000069003
            ],
            [
              106.01256300068201,
              35.770013000799395
            ],
            [
              106.01934300037925,
              35.76493800058831
            ],
            [
              106.02573600021628,
              35.73269400022798
            ],
            [
              106.03720800044891,
              35.72653100020557
            ],
            [
              106.068074000215,
              35.72280200001234
            ],
            [
              106.07623000041423,
              35.69571800018559
            ],
            [
              106.0673639998488,
              35.696626000689434
            ],
            [
              106.0513440003254,
              35.706688000650786
            ],
            [
              106.0406790004356,
              35.703306000271766
            ],
            [
              106.0099499997927,
              35.7056780008391
            ],
            [
              105.97206400005359,
              35.71438600041364
            ],
            [
              105.95412700026094,
              35.70738800055585
            ],
            [
              105.9456549998784,
              35.69717100064122
            ],
            [
              105.93977400026995,
              35.677007000672575
            ],
            [
              105.92716000043373,
              35.66838700065961
            ],
            [
              105.91850300051311,
              35.66848000045172
            ],
            [
              105.913163000672,
              35.67387300003895
            ],
            [
              105.8782559998146,
              35.67033800069822
            ],
            [
              105.86542100057875,
              35.67525200067934
            ],
            [
              105.8611359999265,
              35.66789800059229
            ],
            [
              105.85100600042665,
              35.664298000052725
            ],
            [
              105.8470410001421,
              35.651733000677496
            ],
            [
              105.84677800060433,
              35.645533000747434
            ],
            [
              105.85897500009622,
              35.62814500019164
            ],
            [
              105.84558300035525,
              35.6083810006827
            ],
            [
              105.84610300005346,
              35.592602000581905
            ],
            [
              105.81358000031685,
              35.57872900024324
            ],
            [
              105.81173599981662,
              35.573742000492985
            ],
            [
              105.7915650004245,
              35.56977800025459
            ],
            [
              105.7831800004567,
              35.589260000248885
            ],
            [
              105.75568400051628,
              35.61150700004805
            ],
            [
              105.75373799980889,
              35.62410399999965
            ],
            [
              105.74784899983155,
              35.63029500041398
            ],
            [
              105.71272999998956,
              35.647270000809954
            ],
            [
              105.71585800034649,
              35.67612500046846
            ],
            [
              105.69140600048661,
              35.688507000397806
            ],
            [
              105.69592300014642,
              35.707283000210346
            ],
            [
              105.70746600005594,
              35.71712500081816
            ],
            [
              105.71731600013334,
              35.71734600021779
            ],
            [
              105.73220799979941,
              35.70222100059874
            ],
            [
              105.74825300047564,
              35.70610100056081
            ],
            [
              105.75559199987094,
              35.72212200013024
            ],
            [
              105.74829899989896,
              35.73426799996827
            ],
            [
              105.72830999990663,
              35.73016400046828
            ],
            [
              105.67260000018992,
              35.74668500061233
            ],
            [
              105.64276100012012,
              35.74348500053242
            ],
            [
              105.58873000048919,
              35.72332799998725
            ],
            [
              105.57550800049387,
              35.70798100002321
            ],
            [
              105.57185400016203,
              35.69401200065335
            ],
            [
              105.56285899994293,
              35.68828200081373
            ],
            [
              105.55891400058074,
              35.69973000083894
            ],
            [
              105.56227900017575,
              35.713013000049955
            ],
            [
              105.55130000019489,
              35.72652100064374
            ],
            [
              105.54003899980006,
              35.72903100038042
            ],
            [
              105.50093100036543,
              35.72350300086288
            ],
            [
              105.48910499999579,
              35.72486500071926
            ],
            [
              105.47953000000956,
              35.73263900038961
            ],
            [
              105.46767400005513,
              35.75140400059422
            ],
            [
              105.45191199983896,
              35.753445000286604
            ],
            [
              105.45159899979404,
              35.76947400022499
            ],
            [
              105.43044299994455,
              35.78616000078347
            ],
            [
              105.42842100022904,
              35.809746000277755
            ],
            [
              105.41966300014741,
              35.820496000490095
            ],
            [
              105.40303800060333,
              35.82229600075988
            ],
            [
              105.38421600046809,
              35.80142200042502
            ],
            [
              105.37435900006784,
              35.80117400067962
            ],
            [
              105.36730200018724,
              35.80711700044924
            ],
            [
              105.37344400014058,
              35.826363000352224
            ],
            [
              105.37143700021744,
              35.83941300050964
            ],
            [
              105.37480199981252,
              35.845600000739466
            ],
            [
              105.3925250005284,
              35.856396000375184
            ],
            [
              105.38855700010555,
              35.86486400057322
            ],
            [
              105.34283500053493,
              35.88125600016434
            ],
            [
              105.33011600035321,
              35.891991000584255
            ],
            [
              105.33708200053394,
              35.916737000512235
            ],
            [
              105.32686600066546,
              35.9343450004215
            ],
            [
              105.33401500029208,
              35.990913000134924
            ],
            [
              105.33100099979634,
              36.00000000009999
            ],
            [
              105.32174700022392,
              36.007435000325074
            ],
            [
              105.32534000044075,
              36.01859300046664
            ],
            [
              105.3485640003284,
              36.03669400062768
            ],
            [
              105.36490600031175,
              36.05682800011215
            ],
            [
              105.38269800061232,
              36.071499000378594
            ],
            [
              105.40014700038381,
              36.07743100054029
            ],
            [
              105.41899100063422,
              36.09879700018149
            ],
            [
              105.43443300048267,
              36.10533500040998
            ],
            [
              105.47086300052712,
              36.10001400054574
            ],
            [
              105.49120300051811,
              36.10488900052701
            ],
            [
              105.50466900007433,
              36.147629000178256
            ],
            [
              105.48711700004958,
              36.190885000242645
            ],
            [
              105.49214800003023,
              36.19034100033696
            ],
            [
              105.50870800017412,
              36.207321000064155
            ],
            [
              105.51529299987209,
              36.20494200007329
            ],
            [
              105.54332600029471,
              36.218514000021116
            ],
            [
              105.55430800041393,
              36.21550200051695
            ],
            [
              105.5646360000514,
              36.23021900020677
            ],
            [
              105.58396900036911,
              36.236376000851806
            ],
            [
              105.60059700005155,
              36.23017700006852
            ],
            [
              105.60349999992513,
              36.22108100058773
            ],
            [
              105.64171900063144,
              36.1763580003215
            ],
            [
              105.66057400048982,
              36.161704000838995
            ],
            [
              105.67442599986009,
              36.1570600007185
            ],
            [
              105.67940600018682,
              36.14875400079654
            ],
            [
              105.68990999984669,
              36.15143900050953
            ],
            [
              105.7145380006283,
              36.174231000260534
            ],
            [
              105.7548800003118,
              36.18060000078947
            ],
            [
              105.76743900030966,
              36.17481300011991
            ],
            [
              105.7739280000772,
              36.15568200012427
            ],
            [
              105.75214500009173,
              36.13514200080277
            ],
            [
              105.76080300005846,
              36.13301799998078
            ],
            [
              105.77277100068119,
              36.14082900045804
            ],
            [
              105.78031500053692,
              36.137928000676766
            ],
            [
              105.80084300020434,
              36.141998000407455
            ],
            [
              105.8152170002644,
              36.12154000037077
            ],
            [
              105.83558400060122,
              36.14306900033415
            ],
            [
              105.85060599996702,
              36.15102400025745
            ],
            [
              105.85763100017056,
              36.16657400058972
            ],
            [
              105.88167700019346,
              36.18283400038888
            ],
            [
              105.87577500051594,
              36.20089000027332
            ],
            [
              105.88159000067805,
              36.21737700064813
            ],
            [
              105.89283000010448,
              36.22048100079758
            ],
            [
              105.92142300027132,
              36.2184310006902
            ],
            [
              105.93340000040973,
              36.2228430000045
            ],
            [
              105.95986500046945,
              36.214240000775476
            ],
            [
              105.96499700061116,
              36.20801900077629
            ],
            [
              105.98215800059131,
              36.206355000482915
            ],
            [
              105.98819300010695,
              36.19960300027827
            ],
            [
              105.9856650004395,
              36.19517800036448
            ],
            [
              106.00465700032038,
              36.19373000013945
            ]
          ]
        ]
      },
      "properties": {
        "OBJECTID_1": 11,
        "FID_中国": 1301,
        "LAYER": "Unknown Area Type",
        "name": "西吉县",
        "gb": 156640422,
        "FID_quansh": 0,
        "OBJECTID": 1,
        "FID_Export": 0,
        "LAYER_1": "Unknown Area Type",
        "name_1": "宁夏回族自治区",
        "gb_1": 156640000,
        "FID_中_1": 167,
        "LAYER_12": "Unknown Area Type",
        "name_12": "固原市",
        "gb_12": 156640400,
        "Shape_Leng": 7.33641842807,
        "Shape_Le_1": 3.2114872846,
        "Shape_Area": 0.312346801725
      }
    },
    {
      "type": "Feature",
      "geometry": {
        "bbox": [
          106.2590350002651,
          35.68199500046893,
          106.94766200050097,
          36.29285800019659
        ],
        "type": "Polygon",
        "coordinates": [
          [
            [
              106.4625089999904,
              35.71432900048302
            ],
            [
              106.44062799998227,
              35.722523000636045
            ],
            [
              106.43843999980618,
              35.72737100027149
            ],
            [
              106.38767000037029,
              35.73183100000069
            ],
            [
              106.37154400045534,
              35.725494000048116
            ],
            [
              106.37080899983556,
              35.717340000840416
            ],
            [
              106.35916899994947,
              35.70292500068831
            ],
            [
              106.34727199990294,
              35.699544000355395
            ],
            [
              106.34493800018862,
              35.71690500056536
            ],
            [
              106.3241580005913,
              35.72469100078911
            ],
            [
              106.30854199991342,
              35.73944900057097
            ],
            [
              106.31350500035552,
              35.779619000416574
            ],
            [
              106.31760300047813,
              35.7846790008353
            ],
            [
              106.30454399990572,
              35.801153000610554
            ],
            [
              106.30653399994418,
              35.81668800025108
            ],
            [
              106.30218800007624,
              35.82210900023023
            ],
            [
              106.28109900061844,
              35.808314000790574
            ],
            [
              106.2602320006064,
              35.81780900068486
            ],
            [
              106.2590350002651,
              35.827821000139124
            ],
            [
              106.27548300064001,
              35.845206000556516
            ],
            [
              106.29084800053488,
              35.85047400067464
            ],
            [
              106.29451100038244,
              35.87227200045248
            ],
            [
              106.32142400041732,
              35.858023000760916
            ],
            [
              106.33954400055524,
              35.858444000390364
            ],
            [
              106.34498500055741,
              35.86221800086009
            ],
            [
              106.34114500064135,
              35.872811000127626
            ],
            [
              106.33164999984768,
              35.87960600051656
            ],
            [
              106.31665399988225,
              35.902327000590674
            ],
            [
              106.32458500049745,
              35.92954300020932
            ],
            [
              106.33402000032282,
              35.93075200020468
            ],
            [
              106.34917600047208,
              35.921951999984856
            ],
            [
              106.37488699993514,
              35.91635700007555
            ],
            [
              106.39259900014378,
              35.91979000010849
            ],
            [
              106.40887799991981,
              35.91739300018685
            ],
            [
              106.40521099988781,
              35.92554800033997
            ],
            [
              106.41450200026713,
              35.936199000483555
            ],
            [
              106.44022400023749,
              35.945155000702755
            ],
            [
              106.4528800002119,
              35.95662200070484
            ],
            [
              106.47733700030238,
              35.94704400058021
            ],
            [
              106.49175300050064,
              35.93295700026539
            ],
            [
              106.50276500020465,
              35.94980400015453
            ],
            [
              106.52453600053605,
              35.94930300043319
            ],
            [
              106.54064300047418,
              35.97531600033318
            ],
            [
              106.54149900037862,
              35.98703100008066
            ],
            [
              106.4892720003026,
              36.0352900006331
            ],
            [
              106.47484400045035,
              36.062376000552035
            ],
            [
              106.45167000017047,
              36.0838060004466
            ],
            [
              106.45504500022662,
              36.09272300066601
            ],
            [
              106.46529100057927,
              36.09267800038947
            ],
            [
              106.47419900038363,
              36.11577700080801
            ],
            [
              106.47020300046813,
              36.185418999986894
            ],
            [
              106.47522199989544,
              36.20108800041095
            ],
            [
              106.5092200002029,
              36.256433000382685
            ],
            [
              106.50020299986863,
              36.260597000850964
            ],
            [
              106.49958300005545,
              36.26561400018602
            ],
            [
              106.50833900004488,
              36.27688200000432
            ],
            [
              106.52391799991581,
              36.26261500038203
            ],
            [
              106.54480700004308,
              36.25675599998948
            ],
            [
              106.55017100009167,
              36.28444700082849
            ],
            [
              106.55693800008868,
              36.2917440000856
            ],
            [
              106.56424699989918,
              36.29285800019659
            ],
            [
              106.57170100010114,
              36.290535000090244
            ],
            [
              106.58937900054048,
              36.27310200015722
            ],
            [
              106.6028140004658,
              36.27667200021267
            ],
            [
              106.61826300063706,
              36.26514800028002
            ],
            [
              106.62753300004795,
              36.266769000389104
            ],
            [
              106.62941000027138,
              36.27645900028267
            ],
            [
              106.63410199990744,
              36.279338999994934
            ],
            [
              106.645775000416,
              36.26311500005727
            ],
            [
              106.67522400048728,
              36.26916500026459
            ],
            [
              106.71086900030417,
              36.23267000081995
            ],
            [
              106.7356180003705,
              36.2284810000981
            ],
            [
              106.7580870005147,
              36.2175750007857
            ],
            [
              106.76633400041385,
              36.216179000260695
            ],
            [
              106.78746800014812,
              36.22519700064112
            ],
            [
              106.81315600034918,
              36.218491000759116
            ],
            [
              106.82120500011075,
              36.22993800073817
            ],
            [
              106.82729100017957,
              36.22798300051511
            ],
            [
              106.83452600017483,
              36.21374100024701
            ],
            [
              106.85607900034563,
              36.20394100067671
            ],
            [
              106.87035400033693,
              36.184547000243924
            ],
            [
              106.87695300068049,
              36.181725000508436
            ],
            [
              106.88931999991814,
              36.14484400035036
            ],
            [
              106.9105450002516,
              36.12011000007652
            ],
            [
              106.91906700024191,
              36.11847700031336
            ],
            [
              106.94001800053036,
              36.132286000398665
            ],
            [
              106.94461100009761,
              36.13032900008335
            ],
            [
              106.93042699980623,
              36.10865000039724
            ],
            [
              106.947662000501,
              36.09230400022949
            ],
            [
              106.93650800054382,
              36.06496000010395
            ],
            [
              106.93365500027812,
              36.0345990002437
            ],
            [
              106.94342100007913,
              35.98824300021437
            ],
            [
              106.93903400011908,
              35.978901000181054
            ],
            [
              106.92098200041903,
              35.96191400013106
            ],
            [
              106.91298700044979,
              35.956043000084435
            ],
            [
              106.89213600027625,
              35.957855000008294
            ],
            [
              106.89173100048532,
              35.949848000384975
            ],
            [
              106.90715800054136,
              35.94396600073043
            ],
            [
              106.93315100041838,
              35.94621700021446
            ],
            [
              106.93701899982705,
              35.940910000096494
            ],
            [
              106.93490600041167,
              35.93223200010675
            ],
            [
              106.92259200002087,
              35.92067700054321
            ],
            [
              106.87726599982608,
              35.90785600015431
            ],
            [
              106.84680900003536,
              35.88937800059432
            ],
            [
              106.84976999988567,
              35.879734000124074
            ],
            [
              106.87283300044265,
              35.875843000554084
            ],
            [
              106.88149300050162,
              35.85239400018304
            ],
            [
              106.91515400055675,
              35.82388700038479
            ],
            [
              106.92334799981042,
              35.80731200044852
            ],
            [
              106.91735100024852,
              35.80210900062991
            ],
            [
              106.89492800042694,
              35.809666000185814
            ],
            [
              106.91287200054245,
              35.78612100078362
            ],
            [
              106.90729500056386,
              35.77129400051774
            ],
            [
              106.8877870002699,
              35.76645300030577
            ],
            [
              106.87360400002461,
              35.778046000722384
            ],
            [
              106.8664170004443,
              35.76826900041408
            ],
            [
              106.86717200018774,
              35.74329800000277
            ],
            [
              106.85588100020806,
              35.741119000241724
            ],
            [
              106.83176400050826,
              35.74730700051771
            ],
            [
              106.8129879997964,
              35.71405000020741
            ],
            [
              106.79775200045452,
              35.71167400035489
            ],
            [
              106.77124000002607,
              35.72703500006526
            ],
            [
              106.75378399993173,
              35.72673400057374
            ],
            [
              106.74752000064757,
              35.72106200071079
            ],
            [
              106.74481199987395,
              35.708492000205695
            ],
            [
              106.74958200040909,
              35.68772400026245
            ],
            [
              106.73686200018125,
              35.68199500046893
            ],
            [
              106.72003200017673,
              35.68534800040993
            ],
            [
              106.68699600016532,
              35.719532000301626
            ],
            [
              106.67831399999119,
              35.72303800010366
            ],
            [
              106.65677600051208,
              35.71062100035891
            ],
            [
              106.64098300066502,
              35.70800400018453
            ],
            [
              106.61816400056824,
              35.72879400024294
            ],
            [
              106.57878900051203,
              35.731163000671984
            ],
            [
              106.54910300030326,
              35.74375200025469
            ],
            [
              106.50089300021187,
              35.73699600076486
            ],
            [
              106.47685999988914,
              35.72594099997724
            ],
            [
              106.4625089999904,
              35.71432900048302
            ]
          ]
        ]
      },
      "properties": {
        "OBJECTID_1": 12,
        "FID_中国": 1302,
        "LAYER": "Unknown Area Type",
        "name": "彭阳县",
        "gb": 156640425,
        "FID_quansh": 0,
        "OBJECTID": 1,
        "FID_Export": 0,
        "LAYER_1": "Unknown Area Type",
        "name_1": "宁夏回族自治区",
        "gb_1": 156640000,
        "FID_中_1": 167,
        "LAYER_12": "Unknown Area Type",
        "name_12": "固原市",
        "gb_12": 156640400,
        "Shape_Leng": 7.33641842807,
        "Shape_Le_1": 2.94401580337,
        "Shape_Area": 0.254629801229
      }
    },
    {
      "type": "Feature",
      "geometry": {
        "bbox": [
          106.17873799985887,
          35.23537200061736,
          106.50755300067051,
          35.789888000031205
        ],
        "type": "Polygon",
        "coordinates": [
          [
            [
              106.31350500035552,
              35.779619000416574
            ],
            [
              106.30854199991342,
              35.73944900057097
            ],
            [
              106.3241580005913,
              35.72469100078911
            ],
            [
              106.34493800018862,
              35.71690500056536
            ],
            [
              106.34727199990294,
              35.699544000355395
            ],
            [
              106.35916899994947,
              35.70292500068831
            ],
            [
              106.37080899983556,
              35.717340000840416
            ],
            [
              106.37154400045534,
              35.725494000048116
            ],
            [
              106.38767000037029,
              35.73183100000069
            ],
            [
              106.43843999980618,
              35.72737100027149
            ],
            [
              106.44062799998227,
              35.722523000636045
            ],
            [
              106.4625089999904,
              35.71432900048302
            ],
            [
              106.43911000012645,
              35.69413000069903
            ],
            [
              106.4362260002298,
              35.68658800003624
            ],
            [
              106.44413000049917,
              35.66111799999578
            ],
            [
              106.46537000062511,
              35.62066600063548
            ],
            [
              106.47789000062306,
              35.58095900055747
            ],
            [
              106.45220200042206,
              35.568764000258454
            ],
            [
              106.44588500049247,
              35.55506100056477
            ],
            [
              106.44335200059442,
              35.52667600009738
            ],
            [
              106.45823699993764,
              35.49886300082687
            ],
            [
              106.48104100024206,
              35.478783000235296
            ],
            [
              106.48291000009647,
              35.46960800070872
            ],
            [
              106.47126000064856,
              35.4554860005785
            ],
            [
              106.50429500061387,
              35.4490740007646
            ],
            [
              106.5075530006705,
              35.4389720007573
            ],
            [
              106.50024000067555,
              35.387149000426064
            ],
            [
              106.49857300024382,
              35.35908900055699
            ],
            [
              106.47063400055873,
              35.312321000413874
            ],
            [
              106.43153400059373,
              35.29402500025361
            ],
            [
              106.41375000066205,
              35.27878900001241
            ],
            [
              106.38061500058188,
              35.26951200027867
            ],
            [
              106.36697400015004,
              35.27577600046209
            ],
            [
              106.36144999991762,
              35.26951200027867
            ],
            [
              106.3702930003218,
              35.255505000055734
            ],
            [
              106.36660800035901,
              35.24334300037924
            ],
            [
              106.35881799995083,
              35.23537200061736
            ],
            [
              106.32343300043266,
              35.25756800076266
            ],
            [
              106.30798300021537,
              35.28353900052452
            ],
            [
              106.28791800031553,
              35.294872000642386
            ],
            [
              106.26941700059416,
              35.32772400026244
            ],
            [
              106.24933599995649,
              35.33950800049388
            ],
            [
              106.24271400035087,
              35.35237100012159
            ],
            [
              106.24564400057024,
              35.36930500042547
            ],
            [
              106.23431600068295,
              35.41012500056837
            ],
            [
              106.24914700023396,
              35.424187000629615
            ],
            [
              106.26156099984036,
              35.4281550001532
            ],
            [
              106.26201099990777,
              35.439726000454584
            ],
            [
              106.25704200008829,
              35.4538750000313
            ],
            [
              106.2392990002487,
              35.46035300019088
            ],
            [
              106.2382640001835,
              35.480278999975894
            ],
            [
              106.2071539999572,
              35.484417000144504
            ],
            [
              106.20859799999779,
              35.50463000057414
            ],
            [
              106.20333199997191,
              35.53516000013395
            ],
            [
              106.2342720004525,
              35.552527000620614
            ],
            [
              106.23712499981895,
              35.56193300000797
            ],
            [
              106.23324399981078,
              35.5642020003221
            ],
            [
              106.22638400002165,
              35.58900099999619
            ],
            [
              106.20333700020247,
              35.617674000254965
            ],
            [
              106.20494600065746,
              35.624915000526926
            ],
            [
              106.21811900019179,
              35.62918200034909
            ],
            [
              106.2226790000359,
              35.6408520007193
            ],
            [
              106.21470500013572,
              35.64500800081862
            ],
            [
              106.20263600025129,
              35.66236500084415
            ],
            [
              106.20364099983232,
              35.680173000083926
            ],
            [
              106.19462800058182,
              35.692530000659076
            ],
            [
              106.1866430001744,
              35.72590500011569
            ],
            [
              106.18940100055579,
              35.745686000408625
            ],
            [
              106.17873799985887,
              35.77087800021957
            ],
            [
              106.1955970003014,
              35.77022700077549
            ],
            [
              106.21891900021177,
              35.786340000091
            ],
            [
              106.22520200037206,
              35.784205000560405
            ],
            [
              106.22662200020523,
              35.778284000006636
            ],
            [
              106.2431620003261,
              35.7825280005668
            ],
            [
              106.24924500025662,
              35.78025900025273
            ],
            [
              106.2474730003787,
              35.77170800072372
            ],
            [
              106.2608860001888,
              35.774692000735286
            ],
            [
              106.26420900054501,
              35.78215800059132
            ],
            [
              106.2799770001385,
              35.78166100015511
            ],
            [
              106.29208600006893,
              35.789888000031226
            ],
            [
              106.30708200003431,
              35.78750799999426
            ],
            [
              106.31350500035552,
              35.779619000416574
            ]
          ]
        ]
      },
      "properties": {
        "OBJECTID_1": 13,
        "FID_中国": 1303,
        "LAYER": "Unknown Area Type",
        "name": "泾源县",
        "gb": 156640424,
        "FID_quansh": 0,
        "OBJECTID": 1,
        "FID_Export": 0,
        "LAYER_1": "Unknown Area Type",
        "name_1": "宁夏回族自治区",
        "gb_1": 156640000,
        "FID_中_1": 167,
        "LAYER_12": "Unknown Area Type",
        "name_12": "固原市",
        "gb_12": 156640400,
        "Shape_Leng": 7.33641842807,
        "Shape_Le_1": 1.7668037194,
        "Shape_Area": 0.114186013772
      }
    },
    {
      "type": "Feature",
      "geometry": {
        "bbox": [
          105.88395099983882,
          38.447891000469326,
          106.59814400004561,
          38.875098000672224
        ],
        "type": "Polygon",
        "coordinates": [
          [
            [
              106.58563500055487,
              38.65480700064262
            ],
            [
              106.57728800054088,
              38.64653700058216
            ],
            [
              106.55810700003809,
              38.64102000067254
            ],
            [
              106.54917900021076,
              38.633398000817124
            ],
            [
              106.52640900057497,
              38.570755000642805
            ],
            [
              106.52700400013458,
              38.550670000720004
            ],
            [
              106.5436159999785,
              38.52278100064274
            ],
            [
              106.5307720003276,
              38.51922400028741
            ],
            [
              106.51643300008294,
              38.52354100061672
            ],
            [
              106.48586799980842,
              38.52206100071464
            ],
            [
              106.46399700026143,
              38.52566900072384
            ],
            [
              106.46289899998891,
              38.52144300009445
            ],
            [
              106.43797499994633,
              38.52165700007055
            ],
            [
              106.4447429999895,
              38.48410200030713
            ],
            [
              106.43672699995113,
              38.46757699997863
            ],
            [
              106.44726600032573,
              38.46233200002183
            ],
            [
              106.42786999980069,
              38.447891000469326
            ],
            [
              106.417671999863,
              38.451195999995434
            ],
            [
              106.42141400065567,
              38.45742000013297
            ],
            [
              106.41108099988827,
              38.46200100004614
            ],
            [
              106.40072699995113,
              38.45568000083142
            ],
            [
              106.36632100061377,
              38.455107000487715
            ],
            [
              106.36458999992863,
              38.458880000012016
            ],
            [
              106.38050500000583,
              38.4681790007603
            ],
            [
              106.38289400045784,
              38.476909000450064
            ],
            [
              106.35239600057503,
              38.479566000670445
            ],
            [
              106.35602899993847,
              38.51319900033366
            ],
            [
              106.3316800003318,
              38.5137050002856
            ],
            [
              106.32341500050194,
              38.52148600027874
            ],
            [
              106.30827400014505,
              38.5209510007881
            ],
            [
              106.29380300010843,
              38.50658900038212
            ],
            [
              106.25716100018009,
              38.50027300049862
            ],
            [
              106.2943670000371,
              38.53097100061127
            ],
            [
              106.29563900023972,
              38.55306700064159
            ],
            [
              106.2846139999362,
              38.57723900017976
            ],
            [
              106.26590500051543,
              38.57939500067881
            ],
            [
              106.26201700018447,
              38.590236000591005
            ],
            [
              106.26814500039154,
              38.59679700008155
            ],
            [
              106.2293220006099,
              38.62039500012918
            ],
            [
              106.21799599991552,
              38.64128700039481
            ],
            [
              106.21222600002994,
              38.65227500079072
            ],
            [
              106.21674100049682,
              38.65197100026148
            ],
            [
              106.2186540005817,
              38.66344300049411
            ],
            [
              106.21132300065602,
              38.66389000042324
            ],
            [
              106.21241699984472,
              38.67160200083174
            ],
            [
              106.2188220002352,
              38.67107900009586
            ],
            [
              106.22617200013775,
              38.688301000191075
            ],
            [
              106.21468700020495,
              38.68744600033273
            ],
            [
              106.21022600042966,
              38.68069500017418
            ],
            [
              106.18305800032653,
              38.6796950008237
            ],
            [
              106.14937700024842,
              38.688480000351774
            ],
            [
              106.14779900032369,
              38.68109500063383
            ],
            [
              106.13634199988343,
              38.682647000258896
            ],
            [
              106.11670000060462,
              38.647418000740174
            ],
            [
              106.08853600043614,
              38.65511000022639
            ],
            [
              105.97304500032658,
              38.67113300078739
            ],
            [
              105.9544440004903,
              38.67870500013572
            ],
            [
              105.93073699991265,
              38.70024900079079
            ],
            [
              105.88395099983882,
              38.713416000048426
            ],
            [
              105.89736200045604,
              38.73692700058069
            ],
            [
              105.90439600017532,
              38.782150000522165
            ],
            [
              105.91534400052524,
              38.79695900085727
            ],
            [
              105.92784899983155,
              38.804237000137505
            ],
            [
              105.94036100035993,
              38.82299800015761
            ],
            [
              105.98087300068852,
              38.85570900047003
            ],
            [
              105.98545799988682,
              38.86939200014075
            ],
            [
              106.00065700022043,
              38.87509800067227
            ],
            [
              106.04812700036086,
              38.86626600077534
            ],
            [
              106.08744300039422,
              38.84207700045329
            ],
            [
              106.12115800024156,
              38.83867800018959
            ],
            [
              106.12231700062915,
              38.826352000144766
            ],
            [
              106.12935700062513,
              38.81814600033772
            ],
            [
              106.19192399999264,
              38.80953300064749
            ],
            [
              106.19247800035947,
              38.80166100005516
            ],
            [
              106.21142100067868,
              38.80137400030993
            ],
            [
              106.20797900023075,
              38.80628000082146
            ],
            [
              106.22520899979556,
              38.81407700065313
            ],
            [
              106.23450400035938,
              38.79890700075754
            ],
            [
              106.2534450005864,
              38.79928900038709
            ],
            [
              106.27647899980605,
              38.78536700048676
            ],
            [
              106.27617300008393,
              38.779418000440444
            ],
            [
              106.27973300057755,
              38.77807600060697
            ],
            [
              106.31099600066494,
              38.784891000119615
            ],
            [
              106.30499900020374,
              38.775015000641815
            ],
            [
              106.31651999999804,
              38.77004600082233
            ],
            [
              106.3275470003938,
              38.77140500054037
            ],
            [
              106.32888600008891,
              38.77496500013473
            ],
            [
              106.35053300009793,
              38.76941200036356
            ],
            [
              106.37731800052535,
              38.774345000321546
            ],
            [
              106.37006200046102,
              38.75420000032983
            ],
            [
              106.39271800023556,
              38.751919000361625
            ],
            [
              106.39220900014533,
              38.725687000254936
            ],
            [
              106.39752000044774,
              38.72045300080538
            ],
            [
              106.43143500052491,
              38.71922400078705
            ],
            [
              106.43487499998133,
              38.712188000076196
            ],
            [
              106.42500000054963,
              38.6975209999942
            ],
            [
              106.43661300008995,
              38.69067300075841
            ],
            [
              106.45290500046549,
              38.697441000801575
            ],
            [
              106.4576660005855,
              38.70983700047725
            ],
            [
              106.47956300043217,
              38.70561900021676
            ],
            [
              106.48935100034846,
              38.699621000608715
            ],
            [
              106.52047900050553,
              38.697162000525964
            ],
            [
              106.55619199986097,
              38.68277000053513
            ],
            [
              106.59814400004564,
              38.68233800039844
            ],
            [
              106.58563500055487,
              38.65480700064262
            ]
          ]
        ]
      },
      "properties": {
        "OBJECTID_1": 14,
        "FID_中国": 2052,
        "LAYER": "Unknown Area Type",
        "name": "贺兰县",
        "gb": 156640122,
        "FID_quansh": 4,
        "OBJECTID": 5,
        "FID_Export": 0,
        "LAYER_1": "Unknown Area Type",
        "name_1": "宁夏回族自治区",
        "gb_1": 156640000,
        "FID_中_1": 298,
        "LAYER_12": "Unknown Area Type",
        "name_12": "银川市",
        "gb_12": 156640100,
        "Shape_Leng": 5.0096118789,
        "Shape_Le_1": 2.33656893004,
        "Shape_Area": 0.125097884344
      }
    },
    {
      "type": "Feature",
      "geometry": {
        "bbox": [
          105.82248700007506,
          38.13181800000075,
          106.37769299983214,
          38.48392000000804
        ],
        "type": "Polygon",
        "coordinates": [
          [
            [
              106.05078699982022,
              38.31210100046087
            ],
            [
              106.06386600041566,
              38.30636600039065
            ],
            [
              106.07747400022498,
              38.284066000845314
            ],
            [
              106.10539199984102,
              38.32660700031289
            ],
            [
              106.12127100005665,
              38.32024000077547
            ],
            [
              106.16837200026765,
              38.38816800005321
            ],
            [
              106.18200400028445,
              38.399159000587474
            ],
            [
              106.20041400030597,
              38.39219200036058
            ],
            [
              106.2120160002383,
              38.406101000560795
            ],
            [
              106.26516300047217,
              38.405958000261535
            ],
            [
              106.26666999982069,
              38.39980700079252
            ],
            [
              106.30705600063396,
              38.40173700076201
            ],
            [
              106.32104800016515,
              38.42475500014319
            ],
            [
              106.32938300052513,
              38.41406600004592
            ],
            [
              106.32843000064406,
              38.40986500056937
            ],
            [
              106.34110999992663,
              38.40008400007662
            ],
            [
              106.34042499981393,
              38.39408700051473
            ],
            [
              106.37769299983216,
              38.380302000636846
            ],
            [
              106.37200800026903,
              38.368183000245324
            ],
            [
              106.3543370001525,
              38.355192000110776
            ],
            [
              106.35089400055773,
              38.34778100009311
            ],
            [
              106.37706500054941,
              38.334915000327044
            ],
            [
              106.36265600067395,
              38.32516000013396
            ],
            [
              106.34018100025304,
              38.320733000127916
            ],
            [
              106.33392100025401,
              38.30913700047223
            ],
            [
              106.33883200009677,
              38.29809500028409
            ],
            [
              106.32720000057964,
              38.28155900034761
            ],
            [
              106.27417200043755,
              38.24362100000917
            ],
            [
              106.26847400027498,
              38.22194800059981
            ],
            [
              106.24870700062763,
              38.20656400072812
            ],
            [
              106.23928600054855,
              38.18917400008007
            ],
            [
              106.24070700042779,
              38.15306800058784
            ],
            [
              106.22609600023031,
              38.1456010006857
            ],
            [
              106.21470199999737,
              38.132474000574746
            ],
            [
              106.20116900004939,
              38.13181800000075
            ],
            [
              106.14926300038724,
              38.1600100005611
            ],
            [
              106.13923100001068,
              38.15839000049817
            ],
            [
              106.12248600032872,
              38.144363000252326
            ],
            [
              106.12047900040562,
              38.16923500059488
            ],
            [
              106.10378300028532,
              38.17295100018856
            ],
            [
              106.1064700000905,
              38.181610000201374
            ],
            [
              106.0917320003316,
              38.18594100027701
            ],
            [
              106.08933800054837,
              38.18193900008481
            ],
            [
              106.07270500063532,
              38.18342500026358
            ],
            [
              106.07364100063171,
              38.19798800004622
            ],
            [
              106.07784100006216,
              38.19824500020667
            ],
            [
              106.08118999981872,
              38.207935000100235
            ],
            [
              106.07447500042099,
              38.211093000041956
            ],
            [
              106.05671699988972,
              38.19914600038766
            ],
            [
              106.05548100044786,
              38.18859700045124
            ],
            [
              106.03663900028971,
              38.17557700077799
            ],
            [
              106.00841400000616,
              38.18695400022699
            ],
            [
              105.99822500048344,
              38.17979100085404
            ],
            [
              105.98165100059327,
              38.187232000456504
            ],
            [
              105.95896800047291,
              38.13986200043104
            ],
            [
              105.92684700038882,
              38.14459000082792
            ],
            [
              105.96643900055949,
              38.22218500073723
            ],
            [
              105.90724700034883,
              38.242288000590804
            ],
            [
              105.89751600036317,
              38.2475640001785
            ],
            [
              105.88903600051106,
              38.25975400024697
            ],
            [
              105.85495199983501,
              38.263601000485835
            ],
            [
              105.86022200004533,
              38.28111300046464
            ],
            [
              105.85787200049248,
              38.29848900046705
            ],
            [
              105.8265230000365,
              38.34776300016239
            ],
            [
              105.82810200000733,
              38.390068000437914
            ],
            [
              105.82248700007506,
              38.42501800058034
            ],
            [
              105.8361280005069,
              38.442680000281825
            ],
            [
              105.83036800018311,
              38.46936000036379
            ],
            [
              105.83563000002454,
              38.48392000000803
            ],
            [
              105.84667400030493,
              38.47276400085798
            ],
            [
              105.85573600001646,
              38.472112000468485
            ],
            [
              105.87923499999533,
              38.454031000330474
            ],
            [
              105.87792399979283,
              38.4393100004562
            ],
            [
              106.00513200064138,
              38.39044600078239
            ],
            [
              106.00523199985696,
              38.37742800030202
            ],
            [
              106.04288800068076,
              38.34483700012749
            ],
            [
              106.04343599987158,
              38.31975900017778
            ],
            [
              106.05078699982022,
              38.31210100046087
            ]
          ]
        ]
      },
      "properties": {
        "OBJECTID_1": 15,
        "FID_中国": 2053,
        "LAYER": "Unknown Area Type",
        "name": "永宁县",
        "gb": 156640121,
        "FID_quansh": 4,
        "OBJECTID": 5,
        "FID_Export": 0,
        "LAYER_1": "Unknown Area Type",
        "name_1": "宁夏回族自治区",
        "gb_1": 156640000,
        "FID_中_1": 298,
        "LAYER_12": "Unknown Area Type",
        "name_12": "银川市",
        "gb_12": 156640100,
        "Shape_Leng": 5.0096118789,
        "Shape_Le_1": 1.99447106295,
        "Shape_Area": 0.0965496511183
      }
    },
    {
      "type": "Feature",
      "geometry": {
        "bbox": [
          106.24869199993589,
          38.29396600053053,
          106.6570910006492,
          38.6548070006426
        ],
        "type": "Polygon",
        "coordinates": [
          [
            [
              106.65709100064925,
              38.60152400043234
            ],
            [
              106.64475300005097,
              38.47609700077601
            ],
            [
              106.59544400054024,
              38.390243000414216
            ],
            [
              106.47827000016042,
              38.31936200075581
            ],
            [
              106.46933700010254,
              38.33381400081555
            ],
            [
              106.46511700064913,
              38.32947600041712
            ],
            [
              106.46240100040592,
              38.29396600053053
            ],
            [
              106.43118300059507,
              38.3021940004528
            ],
            [
              106.43423200000683,
              38.32740100005617
            ],
            [
              106.4171400005107,
              38.338034000268976
            ],
            [
              106.4221270002609,
              38.3446880004509
            ],
            [
              106.40815900003787,
              38.3560010005458
            ],
            [
              106.37706500054941,
              38.334915000327044
            ],
            [
              106.35089400055773,
              38.34778100009311
            ],
            [
              106.3543370001525,
              38.355192000110776
            ],
            [
              106.37200800026903,
              38.368183000245324
            ],
            [
              106.37769299983216,
              38.380302000636846
            ],
            [
              106.34042499981393,
              38.39408700051473
            ],
            [
              106.34110999992663,
              38.40008400007662
            ],
            [
              106.32843000064406,
              38.40986500056937
            ],
            [
              106.32938300052513,
              38.41406600004592
            ],
            [
              106.32104800016515,
              38.42475500014319
            ],
            [
              106.30705600063396,
              38.40173700076201
            ],
            [
              106.26666999982069,
              38.39980700079252
            ],
            [
              106.26516300047217,
              38.405958000261535
            ],
            [
              106.27161800047044,
              38.420455000597826
            ],
            [
              106.25783699987772,
              38.441014000795576
            ],
            [
              106.24869199993589,
              38.47101400019602
            ],
            [
              106.24890399981979,
              38.4830920004955
            ],
            [
              106.25716100018009,
              38.50027300049862
            ],
            [
              106.29380300010843,
              38.50658900038212
            ],
            [
              106.30827400014505,
              38.5209510007881
            ],
            [
              106.32341500050194,
              38.52148600027874
            ],
            [
              106.3316800003318,
              38.5137050002856
            ],
            [
              106.35602899993847,
              38.51319900033366
            ],
            [
              106.35239600057503,
              38.479566000670445
            ],
            [
              106.38289400045784,
              38.476909000450064
            ],
            [
              106.38050500000583,
              38.4681790007603
            ],
            [
              106.36458999992863,
              38.458880000012016
            ],
            [
              106.36632100061377,
              38.455107000487715
            ],
            [
              106.40072699995113,
              38.45568000083142
            ],
            [
              106.41108099988827,
              38.46200100004614
            ],
            [
              106.42141400065567,
              38.45742000013297
            ],
            [
              106.417671999863,
              38.451195999995434
            ],
            [
              106.42786999980069,
              38.447891000469326
            ],
            [
              106.44726600032573,
              38.46233200002183
            ],
            [
              106.43672699995113,
              38.46757699997863
            ],
            [
              106.4447429999895,
              38.48410200030713
            ],
            [
              106.43797499994633,
              38.52165700007055
            ],
            [
              106.46289899998891,
              38.52144300009445
            ],
            [
              106.46399700026143,
              38.52566900072384
            ],
            [
              106.48586799980842,
              38.52206100071464
            ],
            [
              106.51643300008294,
              38.52354100061672
            ],
            [
              106.5307720003276,
              38.51922400028741
            ],
            [
              106.5436159999785,
              38.52278100064274
            ],
            [
              106.52700400013458,
              38.550670000720004
            ],
            [
              106.52640900057497,
              38.570755000642805
            ],
            [
              106.54917900021076,
              38.633398000817124
            ],
            [
              106.55810700003809,
              38.64102000067254
            ],
            [
              106.57728800054088,
              38.64653700058216
            ],
            [
              106.58563500055487,
              38.65480700064262
            ],
            [
              106.6337689998395,
              38.64329000013345
            ],
            [
              106.63911000062609,
              38.6392889999874
            ],
            [
              106.63912100023401,
              38.61739000004849
            ],
            [
              106.65709100064925,
              38.60152400043234
            ]
          ]
        ]
      },
      "properties": {
        "OBJECTID_1": 16,
        "FID_中国": 2102,
        "LAYER": "Unknown Area Type",
        "name": "兴庆区",
        "gb": 156640104,
        "FID_quansh": 4,
        "OBJECTID": 5,
        "FID_Export": 0,
        "LAYER_1": "Unknown Area Type",
        "name_1": "宁夏回族自治区",
        "gb_1": 156640000,
        "FID_中_1": 298,
        "LAYER_12": "Unknown Area Type",
        "name_12": "银川市",
        "gb_12": 156640100,
        "Shape_Leng": 5.0096118789,
        "Shape_Le_1": 1.63929533282,
        "Shape_Area": 0.0665810227377
      }
    },
    {
      "type": "Feature",
      "geometry": {
        "bbox": [
          106.05078699982022,
          38.284066000845314,
          106.29563900023972,
          38.641287000394804
        ],
        "type": "Polygon",
        "coordinates": [
          [
            [
              106.25716100018009,
              38.50027300049862
            ],
            [
              106.24890399981979,
              38.4830920004955
            ],
            [
              106.24869199993589,
              38.47101400019602
            ],
            [
              106.25783699987772,
              38.441014000795576
            ],
            [
              106.27161800047044,
              38.420455000597826
            ],
            [
              106.26516300047217,
              38.405958000261535
            ],
            [
              106.2120160002383,
              38.406101000560795
            ],
            [
              106.20041400030597,
              38.39219200036058
            ],
            [
              106.18200400028445,
              38.399159000587474
            ],
            [
              106.16837200026765,
              38.38816800005321
            ],
            [
              106.12127100005665,
              38.32024000077547
            ],
            [
              106.10539199984102,
              38.32660700031289
            ],
            [
              106.07747400022498,
              38.284066000845314
            ],
            [
              106.06386600041566,
              38.30636600039065
            ],
            [
              106.05078699982022,
              38.31210100046087
            ],
            [
              106.16508500067232,
              38.47737400030991
            ],
            [
              106.19300600042664,
              38.583644000570246
            ],
            [
              106.21799599991552,
              38.64128700039481
            ],
            [
              106.2293220006099,
              38.62039500012918
            ],
            [
              106.26814500039154,
              38.59679700008155
            ],
            [
              106.26201700018447,
              38.590236000591005
            ],
            [
              106.26590500051543,
              38.57939500067881
            ],
            [
              106.2846139999362,
              38.57723900017976
            ],
            [
              106.29563900023972,
              38.55306700064159
            ],
            [
              106.2943670000371,
              38.53097100061127
            ],
            [
              106.25716100018009,
              38.50027300049862
            ]
          ]
        ]
      },
      "properties": {
        "OBJECTID_1": 17,
        "FID_中国": 2103,
        "LAYER": "Unknown Area Type",
        "name": "金凤区",
        "gb": 156640106,
        "FID_quansh": 4,
        "OBJECTID": 5,
        "FID_Export": 0,
        "LAYER_1": "Unknown Area Type",
        "name_1": "宁夏回族自治区",
        "gb_1": 156640000,
        "FID_中_1": 298,
        "LAYER_12": "Unknown Area Type",
        "name_12": "银川市",
        "gb_12": 156640100,
        "Shape_Leng": 5.0096118789,
        "Shape_Le_1": 0.981745958877,
        "Shape_Area": 0.0278334340474
      }
    },
    {
      "type": "Feature",
      "geometry": {
        "bbox": [
          105.83563000002454,
          38.31210100046087,
          106.22617200013775,
          38.71341600004843
        ],
        "type": "Polygon",
        "coordinates": [
          [
            [
              106.21799599991552,
              38.64128700039481
            ],
            [
              106.19300600042664,
              38.583644000570246
            ],
            [
              106.16508500067232,
              38.47737400030991
            ],
            [
              106.05078699982022,
              38.31210100046087
            ],
            [
              106.04343599987158,
              38.31975900017778
            ],
            [
              106.04288800068076,
              38.34483700012749
            ],
            [
              106.00523199985696,
              38.37742800030202
            ],
            [
              106.00513200064138,
              38.39044600078239
            ],
            [
              105.87792399979283,
              38.4393100004562
            ],
            [
              105.87923499999533,
              38.454031000330474
            ],
            [
              105.85573600001646,
              38.472112000468485
            ],
            [
              105.84667400030493,
              38.47276400085798
            ],
            [
              105.83563000002454,
              38.48392000000803
            ],
            [
              105.85512500061833,
              38.52572600065446
            ],
            [
              105.84894599985809,
              38.5716780000397
            ],
            [
              105.85335499993334,
              38.582382000828716
            ],
            [
              105.86729400061768,
              38.59499700071109
            ],
            [
              105.84905300029578,
              38.61462000001302
            ],
            [
              105.84642800065177,
              38.631298000202605
            ],
            [
              105.85467500055091,
              38.65245400005211
            ],
            [
              105.87152899986354,
              38.6711310006952
            ],
            [
              105.88250699979824,
              38.69604900046107
            ],
            [
              105.88395099983882,
              38.713416000048426
            ],
            [
              105.93073699991265,
              38.70024900079079
            ],
            [
              105.9544440004903,
              38.67870500013572
            ],
            [
              105.97304500032658,
              38.67113300078739
            ],
            [
              106.08853600043614,
              38.65511000022639
            ],
            [
              106.11670000060462,
              38.647418000740174
            ],
            [
              106.13634199988343,
              38.682647000258896
            ],
            [
              106.14779900032369,
              38.68109500063383
            ],
            [
              106.14937700024842,
              38.688480000351774
            ],
            [
              106.18305800032653,
              38.6796950008237
            ],
            [
              106.21022600042966,
              38.68069500017418
            ],
            [
              106.21468700020495,
              38.68744600033273
            ],
            [
              106.22617200013775,
              38.688301000191075
            ],
            [
              106.2188220002352,
              38.67107900009586
            ],
            [
              106.21241699984472,
              38.67160200083174
            ],
            [
              106.21132300065602,
              38.66389000042324
            ],
            [
              106.2186540005817,
              38.66344300049411
            ],
            [
              106.21674100049682,
              38.65197100026148
            ],
            [
              106.21222600002994,
              38.65227500079072
            ],
            [
              106.21799599991552,
              38.64128700039481
            ]
          ]
        ]
      },
      "properties": {
        "OBJECTID_1": 18,
        "FID_中国": 2104,
        "LAYER": "Unknown Area Type",
        "name": "西夏区",
        "gb": 156640105,
        "FID_quansh": 4,
        "OBJECTID": 5,
        "FID_Export": 0,
        "LAYER_1": "Unknown Area Type",
        "name_1": "宁夏回族自治区",
        "gb_1": 156640000,
        "FID_中_1": 298,
        "LAYER_12": "Unknown Area Type",
        "name_12": "银川市",
        "gb_12": 156640100,
        "Shape_Leng": 5.0096118789,
        "Shape_Le_1": 1.3931312204,
        "Shape_Area": 0.0911819424979
      }
    },
    {
      "type": "Feature",
      "geometry": {
        "bbox": [
          106.20260400057424,
          37.593536000086374,
          106.88067500055091,
          38.35600100054578
        ],
        "type": "Polygon",
        "coordinates": [
          [
            [
              106.47827000016042,
              38.31936200075581
            ],
            [
              106.48464900025124,
              38.304390000098465
            ],
            [
              106.51168000033181,
              38.296360000313825
            ],
            [
              106.55755599980961,
              38.26290900005034
            ],
            [
              106.60246300046714,
              38.24479700028138
            ],
            [
              106.65822599993004,
              38.230385000267574
            ],
            [
              106.71743800016361,
              38.20914800028004
            ],
            [
              106.75031299994504,
              38.1851730008334
            ],
            [
              106.80563300056258,
              38.165173000333766
            ],
            [
              106.80997500024614,
              38.15793600024625
            ],
            [
              106.82002100036891,
              38.163304000479286
            ],
            [
              106.82293900003486,
              38.15757400063967
            ],
            [
              106.8121309998458,
              38.150544000205514
            ],
            [
              106.80697100021155,
              38.13801200055343
            ],
            [
              106.80810800048391,
              38.11956100043989
            ],
            [
              106.85308599991902,
              38.04793400055371
            ],
            [
              106.82702999983468,
              38.03381300046965
            ],
            [
              106.78147499987142,
              38.0400500003073
            ],
            [
              106.7643680005828,
              38.00864300077393
            ],
            [
              106.7589870006496,
              37.981910000046526
            ],
            [
              106.76571200050847,
              37.95551900070137
            ],
            [
              106.7782779999298,
              37.93827200035258
            ],
            [
              106.78831999986818,
              37.943755000492956
            ],
            [
              106.81785400026195,
              37.94517700041831
            ],
            [
              106.8110720004725,
              37.93045700059014
            ],
            [
              106.81848000035177,
              37.87219600014532
            ],
            [
              106.83023600019129,
              37.85842500001377
            ],
            [
              106.84073400047379,
              37.86574700042377
            ],
            [
              106.88067500055092,
              37.86337000052515
            ],
            [
              106.87716799980342,
              37.83865700032038
            ],
            [
              106.86581100037745,
              37.818574000489775
            ],
            [
              106.86862799988234,
              37.80934400022551
            ],
            [
              106.82424600005294,
              37.75897000016545
            ],
            [
              106.76520500051043,
              37.73844200049797
            ],
            [
              106.76257899992095,
              37.71618500023761
            ],
            [
              106.77014200065287,
              37.64835800022161
            ],
            [
              106.76520300041818,
              37.63627300049865
            ],
            [
              106.70973200003186,
              37.639305000025786
            ],
            [
              106.64437600065196,
              37.65481600035821
            ],
            [
              106.63932100046384,
              37.641862000131255
            ],
            [
              106.58722400008759,
              37.62450400005963
            ],
            [
              106.56614100000718,
              37.593536000086374
            ],
            [
              106.54625800040645,
              37.60022500008375
            ],
            [
              106.52906499984994,
              37.62296800027303
            ],
            [
              106.52545599979459,
              37.63891300083435
            ],
            [
              106.51166300044719,
              37.66069000054313
            ],
            [
              106.49658000006701,
              37.67018000020688
            ],
            [
              106.4734330001329,
              37.69589000052315
            ],
            [
              106.44768800000128,
              37.70832900038312
            ],
            [
              106.42606500019969,
              37.736128000806616
            ],
            [
              106.38874700057369,
              37.7580689999844
            ],
            [
              106.33812900005337,
              37.807617000624134
            ],
            [
              106.30119600019532,
              37.81422300039122
            ],
            [
              106.27985900009281,
              37.83393300010795
            ],
            [
              106.27400199979252,
              37.85515900048756
            ],
            [
              106.27970600023178,
              37.868896000849816
            ],
            [
              106.34045200015976,
              37.87228800079066
            ],
            [
              106.35423399989924,
              37.88606700039179
            ],
            [
              106.35777200027763,
              37.893324000502275
            ],
            [
              106.35061700037431,
              37.89357900057047
            ],
            [
              106.35502000017294,
              37.924965000034774
            ],
            [
              106.33229100062925,
              37.92317700031839
            ],
            [
              106.33083099985083,
              37.94175800013164
            ],
            [
              106.30007999999208,
              37.94226800026803
            ],
            [
              106.28817400042982,
              37.95417300068351
            ],
            [
              106.29748399988677,
              37.954068000338
            ],
            [
              106.30961399988627,
              37.96732000081744
            ],
            [
              106.29237000057515,
              37.97706000031883
            ],
            [
              106.27900900046507,
              37.99326800041791
            ],
            [
              106.27140300044817,
              37.988660000158916
            ],
            [
              106.2620030004382,
              37.99206600074541
            ],
            [
              106.26159100032449,
              38.00318800012616
            ],
            [
              106.25434100053678,
              38.008909000450046
            ],
            [
              106.25209000015343,
              38.01818800027604
            ],
            [
              106.26017300058358,
              38.01866500068928
            ],
            [
              106.26137100007169,
              38.023818000000745
            ],
            [
              106.2605659998211,
              38.042796000135354
            ],
            [
              106.23457500003627,
              38.0448710004963
            ],
            [
              106.24274299988957,
              38.03690700015801
            ],
            [
              106.23408700001511,
              38.03623800078316
            ],
            [
              106.22474000065057,
              38.057351000448364
            ],
            [
              106.20260400057424,
              38.06942200042505
            ],
            [
              106.20927799987989,
              38.09194600040763
            ],
            [
              106.2213140000411,
              38.09710200075676
            ],
            [
              106.22550700004808,
              38.10390600066148
            ],
            [
              106.21561900001689,
              38.12113000084889
            ],
            [
              106.21470199999737,
              38.132474000574746
            ],
            [
              106.22609600023031,
              38.1456010006857
            ],
            [
              106.24070700042779,
              38.15306800058784
            ],
            [
              106.23928600054855,
              38.18917400008007
            ],
            [
              106.24870700062763,
              38.20656400072812
            ],
            [
              106.26847400027498,
              38.22194800059981
            ],
            [
              106.27417200043755,
              38.24362100000917
            ],
            [
              106.32720000057964,
              38.28155900034761
            ],
            [
              106.33883200009677,
              38.29809500028409
            ],
            [
              106.33392100025401,
              38.30913700047223
            ],
            [
              106.34018100025304,
              38.320733000127916
            ],
            [
              106.36265600067395,
              38.32516000013396
            ],
            [
              106.37706500054941,
              38.334915000327044
            ],
            [
              106.40815900003787,
              38.3560010005458
            ],
            [
              106.4221270002609,
              38.3446880004509
            ],
            [
              106.4171400005107,
              38.338034000268976
            ],
            [
              106.43423200000683,
              38.32740100005617
            ],
            [
              106.43118300059507,
              38.3021940004528
            ],
            [
              106.46240100040592,
              38.29396600053053
            ],
            [
              106.46511700064913,
              38.32947600041712
            ],
            [
              106.46933700010254,
              38.33381400081555
            ],
            [
              106.47827000016042,
              38.31936200075581
            ]
          ]
        ]
      },
      "properties": {
        "OBJECTID_1": 19,
        "FID_中国": 2240,
        "LAYER": "Unknown Area Type",
        "name": "灵武市",
        "gb": 156640181,
        "FID_quansh": 4,
        "OBJECTID": 5,
        "FID_Export": 0,
        "LAYER_1": "Unknown Area Type",
        "name_1": "宁夏回族自治区",
        "gb_1": 156640000,
        "FID_中_1": 298,
        "LAYER_12": "Unknown Area Type",
        "name_12": "银川市",
        "gb_12": 156640100,
        "Shape_Leng": 5.0096118789,
        "Shape_Le_1": 2.86932424014,
        "Shape_Area": 0.309445370225
      }
    },
    {
      "type": "Feature",
      "geometry": {
        "bbox": [
          106.08763300016291,
          38.854082000084304,
          106.50333500041,
          39.285671000016706
        ],
        "type": "Polygon",
        "coordinates": [
          [
            [
              106.50287699997364,
              39.2701110001226
            ],
            [
              106.50333500041,
              39.25991800041544
            ],
            [
              106.45918200034907,
              39.19753100035541
            ],
            [
              106.45466500068932,
              39.17604200043803
            ],
            [
              106.47106100046489,
              39.163415000002324
            ],
            [
              106.46051799990585,
              39.12740500044049
            ],
            [
              106.43826499982994,
              39.10004100029198
            ],
            [
              106.42497200015777,
              39.09030100079059
            ],
            [
              106.43333299991811,
              39.074798000827116
            ],
            [
              106.45484199985844,
              39.06597100026153
            ],
            [
              106.47580000046969,
              39.05010100046087
            ],
            [
              106.47434200068284,
              39.02502700069556
            ],
            [
              106.46256100058974,
              39.0163230004062
            ],
            [
              106.48156900030915,
              38.982010000860896
            ],
            [
              106.45943600037117,
              38.95251700055917
            ],
            [
              106.45421400057575,
              38.95325500041798
            ],
            [
              106.3601980006373,
              38.854082000084304
            ],
            [
              106.35388900017728,
              38.865804000154526
            ],
            [
              106.27146400056324,
              38.905900000184886
            ],
            [
              106.25264700065861,
              38.93222700017595
            ],
            [
              106.24999500066883,
              38.94739900016379
            ],
            [
              106.23997599999245,
              38.956545000151664
            ],
            [
              106.23012800000726,
              38.95828600039863
            ],
            [
              106.20864200022817,
              38.980944000265424
            ],
            [
              106.14901200050349,
              39.020973000803394
            ],
            [
              106.12653499999034,
              39.026353000690506
            ],
            [
              106.11761100034744,
              39.04354900048605
            ],
            [
              106.12104400038038,
              39.05076500050444
            ],
            [
              106.10712999994962,
              39.05006600064547
            ],
            [
              106.09614300049913,
              39.06509000010346
            ],
            [
              106.08763300016291,
              39.06686300002747
            ],
            [
              106.09186500016966,
              39.08381300016987
            ],
            [
              106.10812399992273,
              39.09990300022332
            ],
            [
              106.12356799986338,
              39.129178000364504
            ],
            [
              106.141441000302,
              39.15230600032169
            ],
            [
              106.15257300014389,
              39.15928600024876
            ],
            [
              106.16624500020663,
              39.16244100005218
            ],
            [
              106.18509699992666,
              39.14348200079377
            ],
            [
              106.24655900049754,
              39.13079100010464
            ],
            [
              106.28057100055128,
              39.1455270006706
            ],
            [
              106.28922300024135,
              39.16183900016978
            ],
            [
              106.28498800009618,
              39.18580600014684
            ],
            [
              106.2753750001562,
              39.19232900058296
            ],
            [
              106.27400199979252,
              39.200909000549984
            ],
            [
              106.27365900016281,
              39.20708500027257
            ],
            [
              106.28327200010278,
              39.21635100039839
            ],
            [
              106.26953899992498,
              39.262680000082014
            ],
            [
              106.2760620003611,
              39.274345000221615
            ],
            [
              106.42809300019191,
              39.28567100001669
            ],
            [
              106.50287699997364,
              39.2701110001226
            ]
          ]
        ]
      },
      "properties": {
        "OBJECTID_1": 20,
        "FID_中国": 2606,
        "LAYER": "Unknown Area Type",
        "name": "大武口区",
        "gb": 156640202,
        "FID_quansh": 2,
        "OBJECTID": 3,
        "FID_Export": 0,
        "LAYER_1": "Unknown Area Type",
        "name_1": "宁夏回族自治区",
        "gb_1": 156640000,
        "FID_中_1": 224,
        "LAYER_12": "Unknown Area Type",
        "name_12": "石嘴山市",
        "gb_12": 156640200,
        "Shape_Leng": 3.20669631662,
        "Shape_Le_1": 1.54413903966,
        "Shape_Area": 0.0989871195234
      }
    },
    {
      "type": "Feature",
      "geometry": {
        "bbox": [
          106.42497200015777,
          38.97812600071444,
          106.86601299980019,
          39.38442200067487
        ],
        "type": "Polygon",
        "coordinates": [
          [
            [
              106.86067800018964,
              39.08946300081686
            ],
            [
              106.86601299980015,
              39.061756000139326
            ],
            [
              106.85890700035782,
              39.0446170002744
            ],
            [
              106.86000400058424,
              39.03464100068169
            ],
            [
              106.84203200007681,
              39.01494400066514
            ],
            [
              106.83403199987697,
              38.984656000574034
            ],
            [
              106.80899399997315,
              38.999346000817354
            ],
            [
              106.79574800066975,
              39.001618000370456
            ],
            [
              106.783911999839,
              39.014453000505625
            ],
            [
              106.76098400011159,
              39.02233100047533
            ],
            [
              106.77501500054188,
              39.034196000844815
            ],
            [
              106.77857199999784,
              39.0439790005305
            ],
            [
              106.7741090001303,
              39.050439000759354
            ],
            [
              106.78335700032534,
              39.066441000351915
            ],
            [
              106.7767510005583,
              39.07796400023847
            ],
            [
              106.76489400055772,
              39.07465000029731
            ],
            [
              106.75757000005552,
              39.08467300025882
            ],
            [
              106.74460400017455,
              39.08678700061961
            ],
            [
              106.73826600017583,
              39.0726280005818
            ],
            [
              106.708305999922,
              39.077740000700544
            ],
            [
              106.69485500015821,
              39.065178000564345
            ],
            [
              106.69541200066334,
              39.052832000496494
            ],
            [
              106.6754469999791,
              39.06561500003227
            ],
            [
              106.668363000652,
              39.062584000551226
            ],
            [
              106.65371000031632,
              39.072115000307065
            ],
            [
              106.64175600033923,
              39.06540000001007
            ],
            [
              106.6395290001633,
              39.044434999975294
            ],
            [
              106.63400700002308,
              39.03515200086417
            ],
            [
              106.62529700035634,
              39.036635000005276
            ],
            [
              106.61968000033181,
              39.029434000678634
            ],
            [
              106.59151800025558,
              39.05590199997738
            ],
            [
              106.58455700030538,
              39.05787199999287
            ],
            [
              106.56814300059904,
              39.03261100059723
            ],
            [
              106.56470500033555,
              39.02349000086292
            ],
            [
              106.56840199995241,
              39.02007700085295
            ],
            [
              106.5578250005234,
              39.01292300009641
            ],
            [
              106.54324299986462,
              39.01643200003684
            ],
            [
              106.51340799997928,
              38.97812600071444
            ],
            [
              106.48156900030915,
              38.982010000860896
            ],
            [
              106.46256100058974,
              39.0163230004062
            ],
            [
              106.47434200068284,
              39.02502700069556
            ],
            [
              106.47580000046969,
              39.05010100046087
            ],
            [
              106.45484199985844,
              39.06597100026153
            ],
            [
              106.43333299991811,
              39.074798000827116
            ],
            [
              106.42497200015777,
              39.09030100079059
            ],
            [
              106.43826499982994,
              39.10004100029198
            ],
            [
              106.46051799990585,
              39.12740500044049
            ],
            [
              106.47106100046489,
              39.163415000002324
            ],
            [
              106.45466500068932,
              39.17604200043803
            ],
            [
              106.45918200034907,
              39.19753100035541
            ],
            [
              106.50333500041,
              39.25991800041544
            ],
            [
              106.50287699997364,
              39.2701110001226
            ],
            [
              106.52385699980078,
              39.298542000013356
            ],
            [
              106.59693099986583,
              39.37352400083205
            ],
            [
              106.62507600005739,
              39.36494400086502
            ],
            [
              106.6367420002432,
              39.3567080005738
            ],
            [
              106.66831200009881,
              39.353622000355074
            ],
            [
              106.72673800005873,
              39.37777700000862
            ],
            [
              106.73136100011016,
              39.383606000816314
            ],
            [
              106.74561700012453,
              39.38442200067482
            ],
            [
              106.75401300059957,
              39.376007000222955
            ],
            [
              106.76752500047843,
              39.37552300038624
            ],
            [
              106.77773299997801,
              39.3699840003614
            ],
            [
              106.78872700065062,
              39.35830700056766
            ],
            [
              106.78801700028441,
              39.336441000351954
            ],
            [
              106.80149800053238,
              39.31889300051159
            ],
            [
              106.79618099995326,
              39.30038100028298
            ],
            [
              106.8025359998366,
              39.27896100084956
            ],
            [
              106.78847499982147,
              39.25206400065315
            ],
            [
              106.7873079999643,
              39.23506500004976
            ],
            [
              106.83165700007055,
              39.181160000833415
            ],
            [
              106.84153000030932,
              39.146515000367
            ],
            [
              106.85298200051898,
              39.13921400002613
            ],
            [
              106.83978300068497,
              39.10815400030691
            ],
            [
              106.84243799991384,
              39.092735000619825
            ],
            [
              106.86067800018964,
              39.08946300081686
            ]
          ]
        ]
      },
      "properties": {
        "OBJECTID_1": 21,
        "FID_中国": 2607,
        "LAYER": "Unknown Area Type",
        "name": "惠农区",
        "gb": 156640205,
        "FID_quansh": 2,
        "OBJECTID": 3,
        "FID_Export": 0,
        "LAYER_1": "Unknown Area Type",
        "name_1": "宁夏回族自治区",
        "gb_1": 156640000,
        "FID_中_1": 224,
        "LAYER_12": "Unknown Area Type",
        "name_12": "石嘴山市",
        "gb_12": 156640200,
        "Shape_Leng": 3.20669631662,
        "Shape_Le_1": 1.73203254741,
        "Shape_Area": 0.111491192882
      }
    },
    {
      "type": "Feature",
      "geometry": {
        "bbox": [
          105.96462999987466,
          38.60152400043234,
          106.97184000031582,
          39.08946300081689
        ],
        "type": "Polygon",
        "coordinates": [
          [
            [
              106.65709100064925,
              38.60152400043234
            ],
            [
              106.63912100023401,
              38.61739000004849
            ],
            [
              106.63911000062609,
              38.6392889999874
            ],
            [
              106.6337689998395,
              38.64329000013345
            ],
            [
              106.58563500055487,
              38.65480700064262
            ],
            [
              106.59814400004564,
              38.68233800039844
            ],
            [
              106.55619199986097,
              38.68277000053513
            ],
            [
              106.52047900050553,
              38.697162000525964
            ],
            [
              106.48935100034846,
              38.699621000608715
            ],
            [
              106.47956300043217,
              38.70561900021676
            ],
            [
              106.4576660005855,
              38.70983700047725
            ],
            [
              106.45290500046549,
              38.697441000801575
            ],
            [
              106.43661300008995,
              38.69067300075841
            ],
            [
              106.42500000054963,
              38.6975209999942
            ],
            [
              106.43487499998133,
              38.712188000076196
            ],
            [
              106.43143500052491,
              38.71922400078705
            ],
            [
              106.39752000044774,
              38.72045300080538
            ],
            [
              106.39220900014533,
              38.725687000254936
            ],
            [
              106.39271800023556,
              38.751919000361625
            ],
            [
              106.37006200046102,
              38.75420000032983
            ],
            [
              106.37731800052535,
              38.774345000321546
            ],
            [
              106.35053300009793,
              38.76941200036356
            ],
            [
              106.32888600008891,
              38.77496500013473
            ],
            [
              106.3275470003938,
              38.77140500054037
            ],
            [
              106.31651999999804,
              38.77004600082233
            ],
            [
              106.30499900020374,
              38.775015000641815
            ],
            [
              106.31099600066494,
              38.784891000119615
            ],
            [
              106.27973300057755,
              38.77807600060697
            ],
            [
              106.27617300008393,
              38.779418000440444
            ],
            [
              106.27647899980605,
              38.78536700048676
            ],
            [
              106.2534450005864,
              38.79928900038709
            ],
            [
              106.23450400035938,
              38.79890700075754
            ],
            [
              106.22520899979556,
              38.81407700065313
            ],
            [
              106.20797900023075,
              38.80628000082146
            ],
            [
              106.21142100067868,
              38.80137400030993
            ],
            [
              106.19247800035947,
              38.80166100005516
            ],
            [
              106.19192399999264,
              38.80953300064749
            ],
            [
              106.12935700062513,
              38.81814600033772
            ],
            [
              106.12231700062915,
              38.826352000144766
            ],
            [
              106.12115800024156,
              38.83867800018959
            ],
            [
              106.08744300039422,
              38.84207700045329
            ],
            [
              106.04812700036086,
              38.86626600077534
            ],
            [
              106.00065700022043,
              38.87509800067227
            ],
            [
              105.98545799988682,
              38.86939200014075
            ],
            [
              105.9682769998837,
              38.890442000497956
            ],
            [
              105.96462999987466,
              38.90456000044372
            ],
            [
              106.00413500052991,
              38.93516500076424
            ],
            [
              106.01929499996436,
              38.95445200075926
            ],
            [
              106.03272200042005,
              38.96174600077734
            ],
            [
              106.05170399983979,
              38.96347100028646
            ],
            [
              106.06916099998023,
              38.97226300013739
            ],
            [
              106.07553100055532,
              38.980026000199814
            ],
            [
              106.09302500060335,
              39.01819600044513
            ],
            [
              106.08499900010383,
              39.02622200004532
            ],
            [
              106.08313000024935,
              39.04039799996775
            ],
            [
              106.08763300016291,
              39.06686300002747
            ],
            [
              106.09614300049913,
              39.06509000010346
            ],
            [
              106.10712999994962,
              39.05006600064547
            ],
            [
              106.12104400038038,
              39.05076500050444
            ],
            [
              106.11761100034744,
              39.04354900048605
            ],
            [
              106.12653499999034,
              39.026353000690506
            ],
            [
              106.14901200050349,
              39.020973000803394
            ],
            [
              106.20864200022817,
              38.980944000265424
            ],
            [
              106.23012800000726,
              38.95828600039863
            ],
            [
              106.23997599999245,
              38.956545000151664
            ],
            [
              106.24999500066883,
              38.94739900016379
            ],
            [
              106.25264700065861,
              38.93222700017595
            ],
            [
              106.27146400056324,
              38.905900000184886
            ],
            [
              106.35388900017728,
              38.865804000154526
            ],
            [
              106.3601980006373,
              38.854082000084304
            ],
            [
              106.45421400057575,
              38.95325500041798
            ],
            [
              106.45943600037117,
              38.95251700055917
            ],
            [
              106.48156900030915,
              38.982010000860896
            ],
            [
              106.51340799997928,
              38.97812600071444
            ],
            [
              106.54324299986462,
              39.01643200003684
            ],
            [
              106.5578250005234,
              39.01292300009641
            ],
            [
              106.56840199995241,
              39.02007700085295
            ],
            [
              106.56470500033555,
              39.02349000086292
            ],
            [
              106.56814300059904,
              39.03261100059723
            ],
            [
              106.58455700030538,
              39.05787199999287
            ],
            [
              106.59151800025558,
              39.05590199997738
            ],
            [
              106.61968000033181,
              39.029434000678634
            ],
            [
              106.62529700035634,
              39.036635000005276
            ],
            [
              106.63400700002308,
              39.03515200086417
            ],
            [
              106.6395290001633,
              39.044434999975294
            ],
            [
              106.64175600033923,
              39.06540000001007
            ],
            [
              106.65371000031632,
              39.072115000307065
            ],
            [
              106.668363000652,
              39.062584000551226
            ],
            [
              106.6754469999791,
              39.06561500003227
            ],
            [
              106.69541200066334,
              39.052832000496494
            ],
            [
              106.69485500015821,
              39.065178000564345
            ],
            [
              106.708305999922,
              39.077740000700544
            ],
            [
              106.73826600017583,
              39.0726280005818
            ],
            [
              106.74460400017455,
              39.08678700061961
            ],
            [
              106.75757000005552,
              39.08467300025882
            ],
            [
              106.76489400055772,
              39.07465000029731
            ],
            [
              106.7767510005583,
              39.07796400023847
            ],
            [
              106.78335700032534,
              39.066441000351915
            ],
            [
              106.7741090001303,
              39.050439000759354
            ],
            [
              106.77857199999784,
              39.0439790005305
            ],
            [
              106.77501500054188,
              39.034196000844815
            ],
            [
              106.76098400011159,
              39.02233100047533
            ],
            [
              106.783911999839,
              39.014453000505625
            ],
            [
              106.79574800066975,
              39.001618000370456
            ],
            [
              106.80899399997315,
              38.999346000817354
            ],
            [
              106.83403199987697,
              38.984656000574034
            ],
            [
              106.84203200007681,
              39.01494400066514
            ],
            [
              106.86000400058424,
              39.03464100068169
            ],
            [
              106.85890700035782,
              39.0446170002744
            ],
            [
              106.86601299980015,
              39.061756000139326
            ],
            [
              106.86067800018964,
              39.08946300081686
            ],
            [
              106.93116799980339,
              39.07727800007967
            ],
            [
              106.95977000038528,
              39.05303200072632
            ],
            [
              106.96534700036386,
              39.05124700024891
            ],
            [
              106.97184000031581,
              39.0251470008335
            ],
            [
              106.96435600052905,
              38.957741000446845
            ],
            [
              106.91155299997105,
              38.911556000209316
            ],
            [
              106.85654500025163,
              38.871265000179676
            ],
            [
              106.82382200028513,
              38.837859000192736
            ],
            [
              106.79948400028644,
              38.81758100036291
            ],
            [
              106.74982399987778,
              38.74890100058076
            ],
            [
              106.69916500016467,
              38.7134130008094
            ],
            [
              106.65709100064925,
              38.60152400043234
            ]
          ]
        ]
      },
      "properties": {
        "OBJECTID_1": 22,
        "FID_中国": 2722,
        "LAYER": "Unknown Area Type",
        "name": "平罗县",
        "gb": 156640221,
        "FID_quansh": 2,
        "OBJECTID": 3,
        "FID_Export": 0,
        "LAYER_1": "Unknown Area Type",
        "name_1": "宁夏回族自治区",
        "gb_1": 156640000,
        "FID_中_1": 224,
        "LAYER_12": "Unknown Area Type",
        "name_12": "石嘴山市",
        "gb_12": 156640200,
        "Shape_Leng": 3.20669631662,
        "Shape_Le_1": 3.14672627189,
        "Shape_Area": 0.213312822178
      }
    }
  ]
}